Date,Investment,Type,Amount,Shares,,
12/30/2011,FID NEW MARKETS INC,Dividends and Interest,100.44,6.35,,
12/30/2011,FID INFLAT PROT BOND,Dividends and Interest,4.44,0.35,,
12/30/2011,FID HIGH INCOME,Dividends and Interest,71.16,8.24,,
12/30/2011,FID CAPITAL &amp; INCOME,Dividends and Interest,173.41,20.00,,
12/28/2011,FID SEL WIRELESS,CONTRIBUTION,129.96,18.20,,
12/28/2011,FID SEL TECHNOLOGY,CONTRIBUTION,129.96,1.51,,
12/28/2011,FID SEL ENERGY,CONTRIBUTION,129.94,2.67,,
12/28/2011,FID SEL CONS STAPLES,CONTRIBUTION,129.96,1.83,,
12/28/2011,FID LATIN AMERICA,Dividends and Interest,2.31,0.05,,
12/28/2011,FID LATIN AMERICA,CONTRIBUTION,129.96,2.69,,
12/21/2011,FID SEL WIRELESS,CONTRIBUTION,793.80,111.96,,
12/21/2011,FID SEL TECHNOLOGY,CONTRIBUTION,793.80,9.34,,
12/21/2011,FID SEL ENERGY,CONTRIBUTION,793.80,16.28,,
12/21/2011,FID SEL CONS STAPLES,CONTRIBUTION,793.80,11.21,,
12/21/2011,FID LATIN AMERICA,CONTRIBUTION,793.80,16.30,,
12/16/2011,FID INFLAT PROT BOND,Dividends and Interest,216.89,16.93,,
12/16/2011,FID NEW MARKETS INC,Dividends and Interest,94.91,6.02,,
01/20/2011,FID INFLAT PROT BOND,CONTRIBUTION,5783.30,499.42,,
12/14/2011,FID SEL WIRELESS,CONTRIBUTION,129.96,18.57,,
12/14/2011,FID SEL TECHNOLOGY,CONTRIBUTION,129.96,1.52,,
12/14/2011,FID SEL ENERGY,CONTRIBUTION,129.94,2.78,,
12/14/2011,FID SEL CONS STAPLES,CONTRIBUTION,129.96,1.89,,
12/14/2011,FID LATIN AMERICA,CONTRIBUTION,129.96,2.73,,
12/09/2011,FID SEL NATURAL RES,Dividends and Interest,94.43,2.92,,
12/09/2011,FID SEL ENERGY,Dividends and Interest,50.28,1.00,,
12/09/2011,FID SEL CONS STAPLES,Dividends and Interest,1183.62,16.83,,
12/02/2011,FID VALUE K,Dividends and Interest,274.90,4.36,,
12/02/2011,FID SEL WIRELESS,Dividends and Interest,1712.28,236.18,,
12/02/2011,FID LATIN AMERICA,Dividends and Interest,106.83,2.15,,
11/30/2011,FID SEL WIRELESS,CONTRIBUTION,129.96,16.97,,
11/30/2011,FID SEL TECHNOLOGY,CONTRIBUTION,129.96,1.45,,
11/30/2011,FID SEL ENERGY,CONTRIBUTION,129.94,2.53,,
11/30/2011,FID SEL CONS STAPLES,CONTRIBUTION,129.96,1.80,,
11/30/2011,FID NEW MARKETS INC,Dividends and Interest,53.74,3.39,,
11/30/2011,FID LATIN AMERICA,CONTRIBUTION,129.96,2.60,,
01/26/2010,FID INFLAT PROT BOND,CONTRIBUTION,5542.00,488.71,,
11/30/2011,FID HIGH INCOME,Dividends and Interest,29.31,3.45,,
11/30/2011,FID CAPITAL &amp; INCOME,Dividends and Interest,56.37,6.53,,
11/16/2011,FID SEL WIRELESS,CONTRIBUTION,129.96,16.88,,
11/16/2011,FID SEL TECHNOLOGY,CONTRIBUTION,129.96,1.40,,
11/16/2011,FID SEL ENERGY,CONTRIBUTION,129.94,2.53,,
11/16/2011,FID SEL CONS STAPLES,CONTRIBUTION,129.96,1.83,,
11/16/2011,FID LATIN AMERICA,CONTRIBUTION,129.96,2.53,,
11/02/2011,FID SEL WIRELESS,CONTRIBUTION,129.96,17.15,,
11/02/2011,FID SEL TECHNOLOGY,CONTRIBUTION,129.96,1.42,,
11/02/2011,FID SEL ENERGY,CONTRIBUTION,129.94,2.53,,
11/02/2011,FID SEL CONS STAPLES,CONTRIBUTION,129.96,1.85,,
11/02/2011,FID LATIN AMERICA,CONTRIBUTION,129.96,2.50,,
10/31/2011,FID NEW MARKETS INC,Dividends and Interest,56.69,3.54,,
12/16/2011,FID INFLAT PROT BOND,Dividends and Interest,216.89,16.93,,
10/31/2011,FID HIGH INCOME,Dividends and Interest,32.98,3.77,,
10/31/2011,FID CAPITAL &amp; INCOME,Dividends and Interest,56.80,6.35,,
10/19/2011,FID SEL WIRELESS,CONTRIBUTION,129.96,17.17,,
10/19/2011,FID SEL TECHNOLOGY,CONTRIBUTION,129.96,1.45,,
10/19/2011,FID SEL ENERGY,CONTRIBUTION,129.94,2.65,,
10/19/2011,FID SEL CONS STAPLES,CONTRIBUTION,129.96,1.85,,
10/19/2011,FID LATIN AMERICA,CONTRIBUTION,129.96,2.66,,
10/05/2011,FID SEL WIRELESS,CONTRIBUTION,129.96,17.83,,
10/05/2011,FID SEL TECHNOLOGY,CONTRIBUTION,129.96,1.55,,
10/05/2011,FID SEL ENERGY,CONTRIBUTION,129.94,2.94,,
10/05/2011,FID SEL CONS STAPLES,CONTRIBUTION,129.96,1.92,,
10/05/2011,FID LATIN AMERICA,CONTRIBUTION,129.96,2.87,,
09/30/2011,FID NEW MARKETS INC,Dividends and Interest,53.76,3.50,,
11/30/2011,FID INFLAT PROT BOND,Dividends and Interest,4.37,0.34,,
09/30/2011,FID HIGH INCOME,Dividends and Interest,31.69,3.82,,
09/30/2011,FID CAPITAL &amp; INCOME,Dividends and Interest,52.27,6.18,,
09/21/2011,FID SEL WIRELESS,CONTRIBUTION,129.96,17.42,,
09/21/2011,FID SEL TECHNOLOGY,CONTRIBUTION,129.96,1.48,,
09/21/2011,FID SEL ENERGY,CONTRIBUTION,129.94,2.78,,
09/21/2011,FID SEL CONS STAPLES,CONTRIBUTION,129.96,1.88,,
09/21/2011,FID LATIN AMERICA,CONTRIBUTION,129.96,2.70,,
09/07/2011,FID SEL WIRELESS,CONTRIBUTION,129.96,16.88,,
09/07/2011,FID SEL TECHNOLOGY,CONTRIBUTION,129.96,1.48,,
09/07/2011,FID SEL ENERGY,CONTRIBUTION,129.94,2.54,,
09/07/2011,FID SEL CONS STAPLES,CONTRIBUTION,129.96,1.83,,
09/07/2011,FID LATIN AMERICA,CONTRIBUTION,129.96,2.41,,
08/31/2011,FID NEW MARKETS INC,Dividends and Interest,56.79,3.53,,
10/31/2011,FID INFLAT PROT BOND,Dividends and Interest,5.37,0.42,,
08/31/2011,FID HIGH INCOME,Dividends and Interest,33.16,3.84,,
08/31/2011,FID CAPITAL &amp; INCOME,Dividends and Interest,54.21,6.02,,
08/24/2011,FID SEL WIRELESS,CONTRIBUTION,129.96,17.21,,
08/24/2011,FID SEL TECHNOLOGY,CONTRIBUTION,129.96,1.54,,
08/24/2011,FID SEL ENERGY,CONTRIBUTION,129.94,2.65,,
08/24/2011,FID SEL CONS STAPLES,CONTRIBUTION,129.96,1.85,,
08/24/2011,FID LATIN AMERICA,CONTRIBUTION,129.96,2.50,,
08/10/2011,FID SEL WIRELESS,CONTRIBUTION,129.96,18.70,,
08/10/2011,FID SEL TECHNOLOGY,CONTRIBUTION,129.96,1.55,,
08/10/2011,FID SEL ENERGY,CONTRIBUTION,129.94,2.73,,
08/10/2011,FID SEL CONS STAPLES,CONTRIBUTION,129.96,1.99,,
08/10/2011,FID LATIN AMERICA,CONTRIBUTION,129.96,2.66,,
07/29/2011,FID NEW MARKETS INC,Dividends and Interest,57.47,3.56,,
09/30/2011,FID INFLAT PROT BOND,Dividends and Interest,5.56,0.44,,
07/29/2011,FID HIGH INCOME,Dividends and Interest,31.01,3.41,,
07/29/2011,FID CAPITAL &amp; INCOME,Dividends and Interest,53.59,5.60,,
07/27/2011,FID SEL WIRELESS,CONTRIBUTION,129.96,16.35,,
07/27/2011,FID SEL TECHNOLOGY,CONTRIBUTION,129.96,1.34,,
07/27/2011,FID SEL ENERGY,CONTRIBUTION,129.94,2.20,,
07/27/2011,FID SEL CONS STAPLES,CONTRIBUTION,129.96,1.81,,
07/27/2011,FID LATIN AMERICA,CONTRIBUTION,129.96,2.29,,
07/13/2011,FID SEL WIRELESS,CONTRIBUTION,127.40,15.75,,
07/13/2011,FID SEL TECHNOLOGY,CONTRIBUTION,127.40,1.30,,
07/13/2011,FID SEL ENERGY,CONTRIBUTION,127.40,2.20,,
07/13/2011,FID SEL CONS STAPLES,CONTRIBUTION,127.40,1.76,,
07/13/2011,FID LATIN AMERICA,CONTRIBUTION,127.40,2.21,,
06/30/2011,FID NEW MARKETS INC,Dividends and Interest,54.21,3.41,,
08/31/2011,FID INFLAT PROT BOND,Dividends and Interest,7.02,0.55,,
06/30/2011,FID HIGH INCOME,Dividends and Interest,31.32,3.46,,
06/30/2011,FID CAPITAL &amp; INCOME,Dividends and Interest,52.84,5.50,,
06/29/2011,FID SEL WIRELESS,CONTRIBUTION,127.40,15.67,,
06/29/2011,FID SEL TECHNOLOGY,CONTRIBUTION,127.40,1.31,,
06/29/2011,FID SEL ENERGY,CONTRIBUTION,127.40,2.24,,
06/29/2011,FID SEL CONS STAPLES,CONTRIBUTION,127.40,1.78,,
06/29/2011,FID LATIN AMERICA,CONTRIBUTION,127.40,2.18,,
06/15/2011,FID SEL WIRELESS,CONTRIBUTION,127.40,16.07,,
06/15/2011,FID SEL TECHNOLOGY,CONTRIBUTION,127.40,1.37,,
06/15/2011,FID SEL ENERGY,CONTRIBUTION,127.40,2.32,,
06/15/2011,FID SEL CONS STAPLES,CONTRIBUTION,127.40,1.79,,
06/15/2011,FID LATIN AMERICA,CONTRIBUTION,127.40,2.26,,
06/10/2011,FID CAPITAL &amp; INCOME,Dividends and Interest,59.08,6.17,,
06/01/2011,FID SEL WIRELESS,CONTRIBUTION,127.40,15.18,,
06/01/2011,FID SEL TECHNOLOGY,CONTRIBUTION,127.40,1.28,,
06/01/2011,FID SEL ENERGY,CONTRIBUTION,127.40,2.20,,
06/01/2011,FID SEL CONS STAPLES,CONTRIBUTION,127.40,1.74,,
06/01/2011,FID LATIN AMERICA,CONTRIBUTION,127.40,2.20,,
05/31/2011,FID NEW MARKETS INC,Dividends and Interest,57.80,3.65,,
07/29/2011,FID INFLAT PROT BOND,Dividends and Interest,8.67,0.69,,
05/31/2011,FID HIGH INCOME,Dividends and Interest,31.84,3.47,,
05/31/2011,FID CAPITAL &amp; INCOME,Dividends and Interest,54.28,5.51,,
05/18/2011,FID SEL WIRELESS,CONTRIBUTION,127.40,15.22,,
05/18/2011,FID SEL TECHNOLOGY,CONTRIBUTION,127.40,1.26,,
05/18/2011,FID SEL ENERGY,CONTRIBUTION,127.40,2.22,,
05/18/2011,FID SEL CONS STAPLES,CONTRIBUTION,127.40,1.73,,
05/18/2011,FID LATIN AMERICA,CONTRIBUTION,127.40,2.23,,
06/30/2011,FID INFLAT PROT BOND,Dividends and Interest,8.50,0.70,,
05/04/2011,FID SEL WIRELESS,CONTRIBUTION,127.40,15.17,,
05/04/2011,FID SEL TECHNOLOGY,CONTRIBUTION,127.40,1.25,,
05/04/2011,FID SEL ENERGY,CONTRIBUTION,127.40,2.19,,
05/04/2011,FID SEL CONS STAPLES,CONTRIBUTION,127.40,1.75,,
05/04/2011,FID LATIN AMERICA,CONTRIBUTION,127.40,2.22,,
04/29/2011,FID NEW MARKETS INC,Dividends and Interest,55.48,3.52,,
05/31/2011,FID INFLAT PROT BOND,Dividends and Interest,8.93,0.74,,
04/29/2011,FID HIGH INCOME,Dividends and Interest,31.01,3.36,,
04/29/2011,FID CAPITAL &amp; INCOME,Dividends and Interest,54.79,5.51,,
04/20/2011,FID SEL WIRELESS,CONTRIBUTION,127.40,15.33,,
04/20/2011,FID SEL TECHNOLOGY,CONTRIBUTION,127.40,1.24,,
04/20/2011,FID SEL ENERGY,CONTRIBUTION,127.40,2.10,,
04/20/2011,FID SEL CONS STAPLES,CONTRIBUTION,127.40,1.79,,
04/20/2011,FID LATIN AMERICA,CONTRIBUTION,127.40,2.13,,
04/15/2011,FID SEL CONS STAPLES,Dividends and Interest,317.84,4.49,,
04/06/2011,FID SEL WIRELESS,CONTRIBUTION,127.40,15.44,,
04/06/2011,FID SEL TECHNOLOGY,CONTRIBUTION,127.40,1.25,,
04/06/2011,FID SEL NATURAL RES,Dividends and Interest,25.98,0.65,,
04/06/2011,FID SEL ENERGY,Dividends and Interest,8.09,0.13,,
04/06/2011,FID SEL ENERGY,CONTRIBUTION,127.40,2.07,,
04/06/2011,FID SEL CONS STAPLES,CONTRIBUTION,127.40,1.81,,
04/06/2011,FID LATIN AMERICA,CONTRIBUTION,127.40,2.13,,
03/31/2011,FID NEW MARKETS INC,Dividends and Interest,55.59,3.56,,
05/11/2011,FID INFLAT PROT BOND,Dividends and Interest,57.01,4.73,,
03/31/2011,FID HIGH INCOME,Dividends and Interest,31.53,3.44,,
03/31/2011,FID CAPITAL &amp; INCOME,Dividends and Interest,55.66,5.69,,
03/23/2011,FID SEL WIRELESS,CONTRIBUTION,127.40,15.85,,
03/23/2011,FID SEL TECHNOLOGY,CONTRIBUTION,127.40,1.30,,
03/23/2011,FID SEL ENERGY,CONTRIBUTION,127.40,2.13,,
03/23/2011,FID SEL CONS STAPLES,CONTRIBUTION,127.40,1.88,,
03/23/2011,FID LATIN AMERICA,CONTRIBUTION,127.40,2.22,,
03/09/2011,FID SEL WIRELESS,CONTRIBUTION,127.40,15.44,,
03/09/2011,FID SEL TECHNOLOGY,CONTRIBUTION,127.40,1.26,,
03/09/2011,FID SEL ENERGY,CONTRIBUTION,127.40,2.16,,
03/09/2011,FID SEL CONS STAPLES,CONTRIBUTION,127.40,1.86,,
03/09/2011,FID LATIN AMERICA,CONTRIBUTION,127.40,2.24,,
02/28/2011,FID NEW MARKETS INC,Dividends and Interest,49.22,3.19,,
04/29/2011,FID INFLAT PROT BOND,Dividends and Interest,8.08,0.67,,
02/28/2011,FID HIGH INCOME,Dividends and Interest,27.67,3.01,,
02/28/2011,FID CAPITAL &amp; INCOME,Dividends and Interest,50.41,5.13,,
02/23/2011,FID SEL WIRELESS,CONTRIBUTION,127.40,15.83,,
02/23/2011,FID SEL TECHNOLOGY,CONTRIBUTION,127.40,1.28,,
02/23/2011,FID SEL ENERGY,CONTRIBUTION,127.40,2.14,,
02/23/2011,FID SEL CONS STAPLES,CONTRIBUTION,127.40,1.89,,
02/23/2011,FID LATIN AMERICA,CONTRIBUTION,127.40,2.29,,
02/09/2011,FID SEL WIRELESS,CONTRIBUTION,127.40,15.41,,
02/09/2011,FID SEL TECHNOLOGY,CONTRIBUTION,127.40,1.23,,
02/09/2011,FID SEL ENERGY,CONTRIBUTION,127.40,2.24,,
02/09/2011,FID SEL CONS STAPLES,CONTRIBUTION,127.40,1.88,,
02/09/2011,FID LATIN AMERICA,CONTRIBUTION,127.40,2.32,,
01/31/2011,FID NEW MARKETS INC,Dividends and Interest,39.46,2.55,,
03/31/2011,FID INFLAT PROT BOND,Dividends and Interest,9.28,0.78,,
01/31/2011,FID HIGH INCOME,Dividends and Interest,21.50,2.36,,
01/31/2011,FID CAPITAL &amp; INCOME,Dividends and Interest,56.76,5.87,,
01/26/2011,FID SEL WIRELESS,CONTRIBUTION,127.40,15.59,,
01/26/2011,FID SEL TECHNOLOGY,CONTRIBUTION,127.40,1.27,,
01/26/2011,FID SEL ENERGY,CONTRIBUTION,127.40,2.30,,
01/26/2011,FID SEL CONS STAPLES,CONTRIBUTION,127.40,1.87,,
01/26/2011,FID LATIN AMERICA,CONTRIBUTION,127.40,2.21,,
01/20/2011,FID NEW MARKETS INC,CONTRIBUTION,5783.30,370.73,,
02/28/2011,FID INFLAT PROT BOND,Dividends and Interest,8.66,0.74,,
01/20/2011,FID HIGH INCOME,CONTRIBUTION,2891.65,318.46,,
01/12/2011,FID SEL WIRELESS,CONTRIBUTION,127.40,16.03,,
01/12/2011,FID SEL TECHNOLOGY,CONTRIBUTION,127.40,1.27,,
01/12/2011,FID SEL ENERGY,CONTRIBUTION,127.40,2.36,,
01/12/2011,FID SEL CONS STAPLES,CONTRIBUTION,127.40,1.88,,
01/12/2011,FID LATIN AMERICA,CONTRIBUTION,127.40,2.16,,
12/31/2010,FID NEW MARKETS INC,Dividends and Interest,36.45,2.33,,
01/31/2011,FID INFLAT PROT BOND,Dividends and Interest,7.44,0.64,,
12/31/2010,FID HIGH INCOME,Dividends and Interest,39.29,4.39,,
12/31/2010,FID CAPITAL &amp; INCOME,Dividends and Interest,192.59,20.42,,
12/30/2010,FID SEL NATURAL RES,Dividends and Interest,7.04,0.20,,
12/30/2010,FID SEL ENERGY,Dividends and Interest,1.31,0.03,,
12/30/2010,FID LATIN AMERICA,Dividends and Interest,2.27,0.04,,
12/29/2010,FID SEL WIRELESS,CONTRIBUTION,127.40,16.63,,
12/29/2010,FID SEL TECHNOLOGY,CONTRIBUTION,127.40,1.33,,
12/29/2010,FID SEL ENERGY,CONTRIBUTION,127.40,2.44,,
12/29/2010,FID SEL CONS STAPLES,CONTRIBUTION,127.40,1.86,,
12/29/2010,FID LATIN AMERICA,CONTRIBUTION,127.40,2.19,,
12/22/2010,FID SEL WIRELESS,CONTRIBUTION,753.20,98.07,,
12/22/2010,FID SEL TECHNOLOGY,CONTRIBUTION,753.20,7.84,,
12/22/2010,FID SEL ENERGY,CONTRIBUTION,753.20,14.59,,
12/22/2010,FID SEL CONS STAPLES,CONTRIBUTION,753.20,11.01,,
12/22/2010,FID LATIN AMERICA,CONTRIBUTION,753.20,13.08,,
12/17/2010,FID NEW MARKETS INC,Dividends and Interest,49.91,3.20,,
12/31/2010,FID INFLAT PROT BOND,Dividends and Interest,5.65,0.49,,
12/15/2010,FID SEL WIRELESS,CONTRIBUTION,127.40,16.83,,
12/15/2010,FID SEL TECHNOLOGY,CONTRIBUTION,127.40,1.35,,
12/15/2010,FID SEL ENERGY,CONTRIBUTION,127.40,2.55,,
12/15/2010,FID SEL CONS STAPLES,CONTRIBUTION,127.40,1.89,,
12/15/2010,FID LATIN AMERICA,CONTRIBUTION,127.40,2.25,,
12/10/2010,FID SEL NATURAL RES,Dividends and Interest,62.75,1.88,,
12/10/2010,FID SEL ENERGY,Dividends and Interest,15.62,0.31,,
12/10/2010,FID SEL CONS STAPLES,Dividends and Interest,713.65,10.65,,
12/03/2010,FID VALUE K,Dividends and Interest,388.09,5.82,,
12/03/2010,FID SEL WIRELESS,Dividends and Interest,330.99,44.13,,
12/03/2010,FID LATIN AMERICA,Dividends and Interest,26.65,0.46,,
12/01/2010,FID SEL WIRELESS,CONTRIBUTION,127.40,16.99,,
12/01/2010,FID SEL TECHNOLOGY,CONTRIBUTION,127.40,1.38,,
12/01/2010,FID SEL ENERGY,CONTRIBUTION,127.40,2.59,,
12/01/2010,FID SEL CONS STAPLES,CONTRIBUTION,127.40,1.88,,
12/01/2010,FID LATIN AMERICA,CONTRIBUTION,127.40,2.23,,
11/30/2010,FID NEW MARKETS INC,Dividends and Interest,24.72,1.56,,
12/17/2010,FID INFLAT PROT BOND,Dividends and Interest,40.51,3.48,,
11/30/2010,FID HIGH INCOME,Dividends and Interest,15.75,1.77,,
11/30/2010,FID CAPITAL &amp; INCOME,Dividends and Interest,54.52,5.88,,
11/17/2010,FID SEL WIRELESS,CONTRIBUTION,127.40,17.19,,
11/17/2010,FID SEL TECHNOLOGY,CONTRIBUTION,127.40,1.45,,
11/17/2010,FID SEL ENERGY,CONTRIBUTION,127.40,2.71,,
11/17/2010,FID SEL CONS STAPLES,CONTRIBUTION,127.40,1.90,,
11/17/2010,FID LATIN AMERICA,CONTRIBUTION,127.40,2.25,,
11/03/2010,FID SEL WIRELESS,CONTRIBUTION,127.40,16.65,,
11/03/2010,FID SEL TECHNOLOGY,CONTRIBUTION,127.40,1.41,,
11/03/2010,FID SEL ENERGY,CONTRIBUTION,127.40,2.80,,
11/03/2010,FID SEL CONS STAPLES,CONTRIBUTION,127.40,1.87,,
11/03/2010,FID LATIN AMERICA,CONTRIBUTION,127.40,2.17,,
10/29/2010,FID NEW MARKETS INC,Dividends and Interest,25.92,1.58,,
11/30/2010,FID INFLAT PROT BOND,Dividends and Interest,5.25,0.44,,
10/29/2010,FID HIGH INCOME,Dividends and Interest,16.15,1.79,,
10/29/2010,FID CAPITAL &amp; INCOME,Dividends and Interest,56.88,6.05,,
10/20/2010,FID SEL WIRELESS,CONTRIBUTION,127.40,17.03,,
10/20/2010,FID SEL TECHNOLOGY,CONTRIBUTION,127.40,1.47,,
10/20/2010,FID SEL ENERGY,CONTRIBUTION,127.40,2.86,,
10/20/2010,FID SEL CONS STAPLES,CONTRIBUTION,127.40,1.89,,
10/20/2010,FID LATIN AMERICA,CONTRIBUTION,127.40,2.22,,
09/30/2010,FID NEW MARKETS INC,Dividends and Interest,25.00,1.54,,
10/29/2010,FID INFLAT PROT BOND,Dividends and Interest,5.36,0.44,,
09/30/2010,FID HIGH INCOME,Dividends and Interest,16.02,1.81,,
09/30/2010,FID CAPITAL &amp; INCOME,Dividends and Interest,54.13,5.96,,
09/29/2010,FID LATIN AMERICA,Dividends and Interest,38.58,0.70,,
09/08/2010,FID SEL WIRELESS,CONTRIBUTION,225.84,32.13,,
09/08/2010,FID SEL TECHNOLOGY,CONTRIBUTION,225.84,2.90,,
09/08/2010,FID SEL ENERGY,CONTRIBUTION,225.86,5.59,,
09/08/2010,FID SEL CONS STAPLES,CONTRIBUTION,225.84,3.60,,
09/08/2010,FID LATIN AMERICA,CONTRIBUTION,225.84,4.28,,
08/31/2010,FID NEW MARKETS INC,Dividends and Interest,29.62,1.85,,
09/30/2010,FID INFLAT PROT BOND,Dividends and Interest,5.14,0.44,,
08/31/2010,FID HIGH INCOME,Dividends and Interest,16.61,1.93,,
08/31/2010,FID CAPITAL &amp; INCOME,Dividends and Interest,55.23,6.33,,
08/11/2010,FID SEL WIRELESS,CONTRIBUTION,276.02,40.59,,
08/11/2010,FID SEL TECHNOLOGY,CONTRIBUTION,276.02,3.68,,
08/11/2010,FID SEL ENERGY,CONTRIBUTION,276.04,6.87,,
08/11/2010,FID SEL CONS STAPLES,CONTRIBUTION,276.04,4.48,,
08/11/2010,FID LATIN AMERICA,CONTRIBUTION,276.04,5.51,,
07/30/2010,FID NEW MARKETS INC,Dividends and Interest,24.58,1.56,,
08/31/2010,FID INFLAT PROT BOND,Dividends and Interest,5.31,0.45,,
07/30/2010,FID HIGH INCOME,Dividends and Interest,16.96,1.95,,
07/30/2010,FID CAPITAL &amp; INCOME,Dividends and Interest,56.47,6.40,,
07/07/2010,FID SEL WIRELESS,CONTRIBUTION,276.02,42.01,,
07/07/2010,FID SEL TECHNOLOGY,CONTRIBUTION,276.02,3.76,,
07/07/2010,FID SEL ENERGY,CONTRIBUTION,276.04,7.10,,
07/07/2010,FID SEL CONS STAPLES,CONTRIBUTION,276.04,4.66,,
07/07/2010,FID LATIN AMERICA,CONTRIBUTION,276.04,5.73,,
06/30/2010,FID NEW MARKETS INC,Dividends and Interest,24.35,1.60,,
07/30/2010,FID INFLAT PROT BOND,Dividends and Interest,5.48,0.47,,
06/30/2010,FID HIGH INCOME,Dividends and Interest,15.88,1.88,,
06/30/2010,FID CAPITAL &amp; INCOME,Dividends and Interest,54.20,6.35,,
06/30/2010,FID INFLAT PROT BOND,Dividends and Interest,5.33,0.46,,
06/09/2010,FID SEL WIRELESS,CONTRIBUTION,270.90,42.46,,
06/09/2010,FID SEL TECHNOLOGY,CONTRIBUTION,270.90,3.80,,
06/09/2010,FID SEL ENERGY,CONTRIBUTION,270.90,7.11,,
06/09/2010,FID SEL CONS STAPLES,CONTRIBUTION,270.90,4.63,,
06/09/2010,FID LATIN AMERICA,CONTRIBUTION,270.90,5.92,,
05/28/2010,FID NEW MARKETS INC,Dividends and Interest,26.67,1.77,,
06/11/2010,FID INFLAT PROT BOND,Dividends and Interest,7.36,0.64,,
05/28/2010,FID HIGH INCOME,Dividends and Interest,16.76,1.99,,
05/28/2010,FID CAPITAL &amp; INCOME,Dividends and Interest,60.47,7.03,,
05/12/2010,FID SEL WIRELESS,CONTRIBUTION,270.90,40.01,,
05/12/2010,FID SEL TECHNOLOGY,CONTRIBUTION,270.90,3.43,,
05/12/2010,FID SEL ENERGY,CONTRIBUTION,270.90,6.25,,
05/12/2010,FID SEL CONS STAPLES,CONTRIBUTION,270.90,4.37,,
05/12/2010,FID LATIN AMERICA,CONTRIBUTION,270.90,5.51,,
04/30/2010,FID NEW MARKETS INC,Dividends and Interest,26.48,1.70,,
05/28/2010,FID INFLAT PROT BOND,Dividends and Interest,5.61,0.49,,
04/30/2010,FID HIGH INCOME,Dividends and Interest,15.34,1.74,,
04/30/2010,FID CAPITAL &amp; INCOME,Dividends and Interest,52.55,5.76,,
04/09/2010,FID SEL NATURAL RES,Dividends and Interest,3.69,0.12,,
04/09/2010,FID SEL CONS STAPLES,Dividends and Interest,34.57,0.54,,
04/07/2010,FID SEL WIRELESS,CONTRIBUTION,270.90,39.32,,
04/07/2010,FID SEL TECHNOLOGY,CONTRIBUTION,270.90,3.42,,
04/07/2010,FID SEL ENERGY,CONTRIBUTION,270.90,5.95,,
04/07/2010,FID SEL CONS STAPLES,CONTRIBUTION,270.90,4.25,,
04/07/2010,FID LATIN AMERICA,CONTRIBUTION,270.90,5.15,,
03/31/2010,FID NEW MARKETS INC,Dividends and Interest,27.81,1.80,,
04/30/2010,FID INFLAT PROT BOND,Dividends and Interest,5.38,0.47,,
03/31/2010,FID HIGH INCOME,Dividends and Interest,15.92,1.84,,
03/31/2010,FID CAPITAL &amp; INCOME,Dividends and Interest,56.40,6.32,,
03/10/2010,FID SEL WIRELESS,CONTRIBUTION,270.90,39.55,,
03/10/2010,FID SEL TECHNOLOGY,CONTRIBUTION,270.90,3.53,,
03/10/2010,FID SEL ENERGY,CONTRIBUTION,270.90,5.92,,
03/10/2010,FID SEL CONS STAPLES,CONTRIBUTION,270.90,4.34,,
03/10/2010,FID LATIN AMERICA,CONTRIBUTION,270.90,5.23,,
02/26/2010,FID NEW MARKETS INC,Dividends and Interest,24.45,1.62,,
03/31/2010,FID INFLAT PROT BOND,Dividends and Interest,5.65,0.50,,
02/26/2010,FID HIGH INCOME,Dividends and Interest,14.39,1.70,,
02/26/2010,FID CAPITAL &amp; INCOME,Dividends and Interest,49.09,5.70,,
02/10/2010,FID SEL WIRELESS,CONTRIBUTION,270.90,43.07,,
02/10/2010,FID SEL TECHNOLOGY,CONTRIBUTION,270.90,3.91,,
02/10/2010,FID SEL ENERGY,CONTRIBUTION,270.90,6.43,,
02/10/2010,FID SEL CONS STAPLES,CONTRIBUTION,270.90,4.58,,
02/10/2010,FID LATIN AMERICA,CONTRIBUTION,270.90,5.78,,
01/29/2010,FID NEW MARKETS INC,Dividends and Interest,4.59,0.31,,
02/26/2010,FID INFLAT PROT BOND,Dividends and Interest,4.69,0.42,,
01/29/2010,FID HIGH INCOME,Dividends and Interest,2.86,0.34,,
01/29/2010,FID CAPITAL &amp; INCOME,Dividends and Interest,33.06,3.85,,
01/26/2010,FID NEW MARKETS INC,CONTRIBUTION,5542.00,367.02,,
01/29/2010,FID INFLAT PROT BOND,Dividends and Interest,0.86,0.08,,
01/26/2010,FID HIGH INCOME,CONTRIBUTION,2771.00,326.00,,
01/13/2010,FID SEL WIRELESS,CONTRIBUTION,270.90,38.81,,
01/13/2010,FID SEL TECHNOLOGY,CONTRIBUTION,270.90,3.57,,
01/13/2010,FID SEL NATURAL RES,Exchanges,11121.04,368.98,,
01/13/2010,FID SEL ENERGY,CONTRIBUTION,270.90,5.73,,
01/13/2010,FID SEL CONS STAPLES,CONTRIBUTION,270.90,4.39,,
01/13/2010,FID LATIN AMERICA,CONTRIBUTION,270.90,5.10,,
01/13/2010,FID DIVERSIFD INTL K,SHORT TERM REDEMPTION FEE,-6.50,-0.23,,
01/13/2010,FID DIVERSIFD INTL K,Exchanges,-22248.61,-773.33,,
01/13/2010,FID DIVERSIFD INTL K,Change in Market Value,1247.74,0.00,,
01/13/2010,FID CAPITAL &amp; INCOME,Exchanges,11127.57,1260.20,,
12/30/2009,FID VALUE K,Dividends and Interest,1.89,0.03,,
12/23/2009,FID VALUE K,CONTRIBUTION,628.60,10.90,,
12/23/2009,FID SEL WIRELESS,CONTRIBUTION,628.60,93.68,,
12/23/2009,FID SEL MEDICAL DEL,CONTRIBUTION,628.60,14.30,,
12/23/2009,FID SEL CONS STAPLES,CONTRIBUTION,628.60,10.30,,
12/23/2009,FID DIVERSIFD INTL K,CONTRIBUTION,628.60,22.60,,
12/11/2009,FID SEL CONS STAPLES,Dividends and Interest,326.28,5.33,,
12/09/2009,FID VALUE K,CONTRIBUTION,270.90,4.93,,
12/09/2009,FID SEL WIRELESS,CONTRIBUTION,270.90,41.30,,
12/09/2009,FID SEL MEDICAL DEL,CONTRIBUTION,270.90,6.58,,
12/09/2009,FID SEL CONS STAPLES,CONTRIBUTION,270.90,4.41,,
12/09/2009,FID DIVERSIFD INTL K,CONTRIBUTION,270.90,9.85,,
12/04/2009,FID VALUE K,Dividends and Interest,213.14,3.84,,
12/04/2009,FID SEL WIRELESS,Dividends and Interest,203.75,31.20,,
12/04/2009,FID DIVERSIFD INTL K,Dividends and Interest,297.34,10.55,,
11/10/2009,FID VALUE K,CONTRIBUTION,193.50,3.49,,
11/10/2009,FID SEL WIRELESS,CONTRIBUTION,193.50,29.95,,
11/10/2009,FID SEL MEDICAL DEL,CONTRIBUTION,193.50,4.74,,
11/10/2009,FID SEL CONS STAPLES,CONTRIBUTION,193.50,3.15,,
11/10/2009,FID DIVERSIFD INTL K,CONTRIBUTION,193.50,6.84,,
10/07/2009,FID VALUE K,CONTRIBUTION,193.50,3.52,,
10/07/2009,FID SEL WIRELESS,CONTRIBUTION,193.50,29.95,,
10/07/2009,FID SEL MEDICAL DEL,CONTRIBUTION,193.50,5.10,,
10/07/2009,FID SEL CONS STAPLES,CONTRIBUTION,193.50,3.23,,
10/07/2009,FID DIVERSIFD INTL K,CONTRIBUTION,193.50,7.04,,
09/09/2009,FID VALUE K,CONTRIBUTION,193.50,3.60,,
09/09/2009,FID SEL WIRELESS,CONTRIBUTION,193.50,30.57,,
09/09/2009,FID SEL MEDICAL DEL,CONTRIBUTION,193.50,5.06,,
09/09/2009,FID SEL CONS STAPLES,CONTRIBUTION,193.50,3.34,,
09/09/2009,FID DIVERSIFD INTL K,CONTRIBUTION,193.50,7.20,,
08/12/2009,FID VALUE K,CONTRIBUTION,193.50,3.75,,
08/12/2009,FID SEL WIRELESS,CONTRIBUTION,193.50,31.77,,
08/12/2009,FID SEL MEDICAL DEL,CONTRIBUTION,193.50,5.33,,
08/12/2009,FID SEL CONS STAPLES,CONTRIBUTION,193.50,3.47,,
08/12/2009,FID DIVERSIFD INTL K,CONTRIBUTION,193.50,7.58,,
07/08/2009,FID VALUE K,CONTRIBUTION,193.50,4.77,,
07/08/2009,FID SEL WIRELESS,CONTRIBUTION,193.50,33.48,,
07/08/2009,FID SEL MEDICAL DEL,CONTRIBUTION,193.50,5.92,,
07/08/2009,FID SEL CONS STAPLES,CONTRIBUTION,193.50,3.69,,
07/08/2009,FID DIVERSIFD INTL K,CONTRIBUTION,193.50,8.67,,
06/10/2009,FID VALUE K,CONTRIBUTION,193.50,4.23,,
06/10/2009,FID SEL WIRELESS,CONTRIBUTION,193.50,31.57,,
06/10/2009,FID SEL MEDICAL DEL,CONTRIBUTION,193.50,6.09,,
06/10/2009,FID SEL CONS STAPLES,CONTRIBUTION,193.50,3.69,,
06/10/2009,FID DIVERSIFD INTL K,CONTRIBUTION,193.50,8.08,,
05/06/2009,FID VALUE K,CONTRIBUTION,193.50,4.29,,
05/06/2009,FID SEL WIRELESS,CONTRIBUTION,193.50,32.09,,
05/06/2009,FID SEL MEDICAL DEL,CONTRIBUTION,193.50,6.25,,
05/06/2009,FID SEL CONS STAPLES,CONTRIBUTION,193.50,3.94,,
05/06/2009,FID DIVERSIFD INTL K,CONTRIBUTION,193.50,8.66,,
04/17/2009,FID SEL CONS STAPLES,Dividends and Interest,13.48,0.28,,
04/08/2009,FID VALUE K,CONTRIBUTION,193.50,5.35,,
04/08/2009,FID SEL WIRELESS,CONTRIBUTION,193.50,37.00,,
04/08/2009,FID SEL MEDICAL DEL,CONTRIBUTION,193.50,7.15,,
04/08/2009,FID SEL CONS STAPLES,CONTRIBUTION,193.50,4.12,,
04/08/2009,FID DIVERSIFD INTL K,CONTRIBUTION,193.50,9.80,,
03/11/2009,FID VALUE K,CONTRIBUTION,193.50,6.40,,
03/11/2009,FID SEL WIRELESS,CONTRIBUTION,193.50,41.70,,
03/11/2009,FID SEL MEDICAL DEL,CONTRIBUTION,193.50,8.21,,
03/11/2009,FID SEL CONS STAPLES,CONTRIBUTION,193.50,4.52,,
03/11/2009,FID DIVERSIFD INTL K,CONTRIBUTION,193.50,11.11,,
02/11/2009,FID VALUE K,CONTRIBUTION,193.50,5.37,,
02/11/2009,FID SEL WIRELESS,CONTRIBUTION,193.50,43.48,,
02/11/2009,FID SEL MEDICAL DEL,CONTRIBUTION,193.50,6.17,,
02/11/2009,FID SEL CONS STAPLES,CONTRIBUTION,193.50,4.13,,
02/11/2009,FID DIVERSIFD INTL K,CONTRIBUTION,193.50,9.93,,
01/15/2009,FID VALUE K,CONTRIBUTION,2613.49,70.24,,
01/15/2009,FID SEL WIRELESS,CONTRIBUTION,2613.49,614.94,,
01/15/2009,FID SEL MEDICAL DEL,CONTRIBUTION,2613.50,91.86,,
01/15/2009,FID SEL CONS STAPLES,CONTRIBUTION,2613.49,54.28,,
01/15/2009,FID DIVERSIFD INTL K,CONTRIBUTION,2613.50,132.00,,
01/07/2009,FID VALUE K,CONTRIBUTION,193.50,4.74,,
01/07/2009,FID SEL WIRELESS,CONTRIBUTION,193.50,42.53,,
01/07/2009,FID SEL MEDICAL DEL,CONTRIBUTION,193.50,6.53,,
01/07/2009,FID SEL CONS STAPLES,CONTRIBUTION,193.50,3.81,,
01/07/2009,FID DIVERSIFD INTL K,CONTRIBUTION,193.50,8.99,,
12/24/2008,FID VALUE K,CONTRIBUTION,416.00,11.09,,
12/24/2008,FID SEL WIRELESS,CONTRIBUTION,416.00,102.72,,
12/24/2008,FID SEL MEDICAL DEL,CONTRIBUTION,416.00,14.73,,
12/24/2008,FID SEL CONS STAPLES,CONTRIBUTION,416.00,8.40,,
12/24/2008,FID DIVERSIFD INTL K,CONTRIBUTION,416.00,20.38,,
12/12/2008,FID SEL CONS STAPLES,Dividends and Interest,185.38,3.83,,
12/10/2008,FID VALUE K,CONTRIBUTION,193.50,5.01,,
12/10/2008,FID SEL WIRELESS,CONTRIBUTION,193.50,44.69,,
12/10/2008,FID SEL MEDICAL DEL,CONTRIBUTION,193.50,7.31,,
12/10/2008,FID SEL CONS STAPLES,CONTRIBUTION,193.50,3.92,,
12/10/2008,FID DIVERSIFD INTL K,CONTRIBUTION,193.50,9.61,,
12/05/2008,FID SEL WIRELESS,Dividends and Interest,133.00,32.68,,
12/05/2008,FID DIVERSIFD INTL K,Dividends and Interest,166.79,8.78,,
12/03/2008,FID VALUE K,Dividends and Interest,56.55,1.54,,
11/12/2008,FID VALUE K,CONTRIBUTION,193.50,5.30,,
11/12/2008,FID SEL WIRELESS,CONTRIBUTION,193.50,50.39,,
11/12/2008,FID SEL MEDICAL DEL,CONTRIBUTION,193.50,7.34,,
11/12/2008,FID SEL CONS STAPLES,CONTRIBUTION,193.50,4.05,,
11/12/2008,FID DIVERSIFD INTL K,CONTRIBUTION,193.50,9.80,,
10/08/2008,FID VALUE K,CONTRIBUTION,193.50,4.09,,
10/08/2008,FID SEL WIRELESS,CONTRIBUTION,193.50,40.15,,
10/08/2008,FID SEL MEDICAL DEL,CONTRIBUTION,193.50,6.36,,
10/08/2008,FID SEL CONS STAPLES,CONTRIBUTION,193.50,3.65,,
10/08/2008,FID DIVERSIFD INTL K,CONTRIBUTION,193.50,8.12,,
09/12/2008,FID VALUE K,Exchanges,13957.57,213.26,,
09/12/2008,FID VALUE,Exchanges,-13957.57,-213.39,,
09/12/2008,FID VALUE,Change in Market Value,-2269.61,0.00,,
09/12/2008,FID DIVERSIFIED INTL,Exchanges,-13905.24,-448.27,,
09/12/2008,FID DIVERSIFIED INTL,Change in Market Value,-2191.84,0.00,,
09/12/2008,FID DIVERSIFD INTL K,Exchanges,13905.24,447.98,,
09/10/2008,FID VALUE,CONTRIBUTION,193.50,3.00,,
09/10/2008,FID SEL WIRELESS,CONTRIBUTION,193.50,30.09,,
09/10/2008,FID SEL MEDICAL DEL,CONTRIBUTION,193.50,4.82,,
09/10/2008,FID SEL CONS STAPLES,CONTRIBUTION,193.50,3.11,,
09/10/2008,FID DIVERSIFIED INTL,CONTRIBUTION,193.50,6.35,,
08/06/2008,FID VALUE,CONTRIBUTION,193.50,2.88,,
08/06/2008,FID SEL WIRELESS,CONTRIBUTION,193.50,27.18,,
08/06/2008,FID SEL MEDICAL DEL,CONTRIBUTION,193.50,4.71,,
08/06/2008,FID SEL CONS STAPLES,CONTRIBUTION,193.50,3.08,,
08/06/2008,FID DIVERSIFIED INTL,CONTRIBUTION,193.50,5.63,,
07/09/2008,FID VALUE,CONTRIBUTION,193.50,3.03,,
07/09/2008,FID SEL WIRELESS,CONTRIBUTION,193.50,28.08,,
07/09/2008,FID SEL MEDICAL DEL,CONTRIBUTION,193.50,5.21,,
07/09/2008,FID SEL CONS STAPLES,CONTRIBUTION,193.50,3.22,,
07/09/2008,FID DIVERSIFIED INTL,CONTRIBUTION,193.50,5.59,,
06/11/2008,FID VALUE,CONTRIBUTION,173.16,2.48,,
06/11/2008,FID SEL WIRELESS,CONTRIBUTION,173.16,23.82,,
06/11/2008,FID SEL MEDICAL DEL,CONTRIBUTION,173.16,4.27,,
06/11/2008,FID SEL CONS STAPLES,CONTRIBUTION,173.18,2.71,,
06/11/2008,FID DIVERSIFIED INTL,CONTRIBUTION,173.16,4.69,,
05/07/2008,FID VALUE,CONTRIBUTION,172.66,2.38,,
05/07/2008,FID SEL WIRELESS,CONTRIBUTION,172.66,23.02,,
05/07/2008,FID SEL MEDICAL DEL,CONTRIBUTION,172.68,4.20,,
05/07/2008,FID SEL CONS STAPLES,CONTRIBUTION,172.66,2.69,,
05/07/2008,FID DIVERSIFIED INTL,CONTRIBUTION,172.68,4.52,,
04/11/2008,FID SEL MEDICAL DEL,Dividends and Interest,112.75,2.90,,
04/11/2008,FID SEL CONS STAPLES,Dividends and Interest,8.66,0.13,,
04/09/2008,FID VALUE,CONTRIBUTION,172.66,2.47,,
04/09/2008,FID SEL WIRELESS,CONTRIBUTION,172.66,24.32,,
04/09/2008,FID SEL MEDICAL DEL,CONTRIBUTION,172.68,4.33,,
04/09/2008,FID SEL CONS STAPLES,CONTRIBUTION,172.66,2.65,,
04/09/2008,FID DIVERSIFIED INTL,CONTRIBUTION,172.68,4.63,,
03/12/2008,FID VALUE,CONTRIBUTION,172.66,2.57,,
03/12/2008,FID SEL WIRELESS,CONTRIBUTION,172.66,25.17,,
03/12/2008,FID SEL MEDICAL DEL,CONTRIBUTION,172.68,4.32,,
03/12/2008,FID SEL CONS STAPLES,CONTRIBUTION,172.66,2.72,,
03/12/2008,FID DIVERSIFIED INTL,CONTRIBUTION,172.68,4.79,,
02/06/2008,FID VALUE,CONTRIBUTION,172.66,2.50,,
02/06/2008,FID SEL WIRELESS,CONTRIBUTION,172.66,23.82,,
02/06/2008,FID SEL MEDICAL DEL,CONTRIBUTION,172.68,3.63,,
02/06/2008,FID SEL CONS STAPLES,CONTRIBUTION,172.66,2.80,,
02/06/2008,FID DIVERSIFIED INTL,CONTRIBUTION,172.68,4.95,,
01/17/2008,FID VALUE,CONTRIBUTION,2561.25,38.77,,
01/17/2008,FID SEL WIRELESS,CONTRIBUTION,2561.25,348.94,,
01/17/2008,FID SEL MEDICAL DEL,CONTRIBUTION,2561.25,49.90,,
01/17/2008,FID SEL CONS STAPLES,CONTRIBUTION,2561.24,40.84,,
01/17/2008,FID DIVERSIFIED INTL,CONTRIBUTION,2561.25,71.78,,
01/09/2008,FID VALUE,CONTRIBUTION,172.66,2.48,,
01/09/2008,FID SEL WIRELESS,CONTRIBUTION,172.66,21.80,,
01/09/2008,FID SEL MEDICAL DEL,CONTRIBUTION,172.68,3.28,,
01/09/2008,FID SEL CONS STAPLES,CONTRIBUTION,172.66,2.60,,
01/09/2008,FID DIVERSIFIED INTL,CONTRIBUTION,172.68,4.49,,
12/19/2007,FID VALUE,CONTRIBUTION,544.00,7.34,,
12/19/2007,FID SEL WIRELESS,CONTRIBUTION,544.00,65.70,,
12/19/2007,FID SEL MEDICAL DEL,CONTRIBUTION,544.00,10.54,,
12/19/2007,FID SEL CONS STAPLES,CONTRIBUTION,544.00,8.24,,
12/19/2007,FID DIVERSIFIED INTL,CONTRIBUTION,544.00,14.09,,
12/14/2007,FID SEL MEDICAL DEL,Dividends and Interest,606.11,11.73,,
12/14/2007,FID SEL CONS STAPLES,Dividends and Interest,409.16,6.15,,
12/12/2007,FID VALUE,CONTRIBUTION,172.66,2.26,,
12/12/2007,FID SEL WIRELESS,CONTRIBUTION,172.66,19.78,,
12/12/2007,FID SEL MEDICAL DEL,CONTRIBUTION,172.68,3.12,,
12/12/2007,FID SEL CONS STAPLES,CONTRIBUTION,172.66,2.48,,
12/12/2007,FID DIVERSIFIED INTL,CONTRIBUTION,172.68,4.23,,
12/07/2007,FID VALUE,Dividends and Interest,983.66,12.64,,
12/07/2007,FID SEL WIRELESS,Dividends and Interest,411.24,46.31,,
12/07/2007,FID DIVERSIFIED INTL,Dividends and Interest,884.19,21.67,,
11/07/2007,FID VALUE,CONTRIBUTION,172.66,2.03,,
11/07/2007,FID SEL WIRELESS,CONTRIBUTION,172.66,17.91,,
11/07/2007,FID SEL MEDICAL DEL,CONTRIBUTION,172.68,3.28,,
11/07/2007,FID SEL CONS STAPLES,CONTRIBUTION,172.66,2.57,,
11/07/2007,FID DIVERSIFIED INTL,CONTRIBUTION,172.68,3.91,,
10/10/2007,FID VALUE,CONTRIBUTION,172.66,1.90,,
10/10/2007,FID SEL WIRELESS,CONTRIBUTION,172.66,17.34,,
10/10/2007,FID SEL MEDICAL DEL,CONTRIBUTION,172.68,3.25,,
10/10/2007,FID SEL CONS STAPLES,CONTRIBUTION,172.66,2.59,,
10/10/2007,FID DIVERSIFIED INTL,CONTRIBUTION,172.68,3.92,,
09/12/2007,FID VALUE,CONTRIBUTION,172.66,2.02,,
09/12/2007,FID SEL WIRELESS,CONTRIBUTION,172.66,19.47,,
09/12/2007,FID SEL MEDICAL DEL,CONTRIBUTION,172.68,3.42,,
09/12/2007,FID SEL CONS STAPLES,CONTRIBUTION,172.66,2.71,,
09/12/2007,FID DIVERSIFIED INTL,CONTRIBUTION,172.68,4.29,,
08/08/2007,FID VALUE,CONTRIBUTION,172.66,1.98,,
08/08/2007,FID SEL WIRELESS,CONTRIBUTION,172.66,19.67,,
08/08/2007,FID SEL MEDICAL DEL,CONTRIBUTION,172.68,3.40,,
08/08/2007,FID SEL CONS STAPLES,CONTRIBUTION,172.66,2.73,,
08/08/2007,FID DIVERSIFIED INTL,CONTRIBUTION,172.68,4.20,,
07/11/2007,FID VALUE,CONTRIBUTION,172.66,1.91,,
07/11/2007,FID SEL WIRELESS,CONTRIBUTION,172.66,19.55,,
07/11/2007,FID SEL MEDICAL DEL,CONTRIBUTION,172.68,3.30,,
07/11/2007,FID SEL CONS STAPLES,CONTRIBUTION,172.66,2.78,,
07/11/2007,FID DIVERSIFIED INTL,CONTRIBUTION,172.68,4.12,,
06/06/2007,FID VALUE,CONTRIBUTION,163.54,1.81,,
06/06/2007,FID SEL WIRELESS,CONTRIBUTION,163.54,19.90,,
06/06/2007,FID SEL MEDICAL DEL,CONTRIBUTION,163.54,3.05,,
06/06/2007,FID SEL CONS STAPLES,CONTRIBUTION,163.54,2.65,,
06/06/2007,FID DIVERSIFIED INTL,CONTRIBUTION,163.54,4.01,,
05/09/2007,FID VALUE,CONTRIBUTION,163.54,1.81,,
05/09/2007,FID SEL WIRELESS,CONTRIBUTION,163.54,20.89,,
05/09/2007,FID SEL MEDICAL DEL,CONTRIBUTION,163.54,3.11,,
05/09/2007,FID SEL CONS STAPLES,CONTRIBUTION,163.54,2.66,,
05/09/2007,FID DIVERSIFIED INTL,CONTRIBUTION,163.54,4.03,,
04/13/2007,FID SEL MEDICAL DEL,Dividends and Interest,226.94,4.38,,
04/13/2007,FID SEL CONS STAPLES,Dividends and Interest,121.14,2.01,,
04/11/2007,FID VALUE,CONTRIBUTION,163.54,1.91,,
04/11/2007,FID SEL WIRELESS,CONTRIBUTION,163.54,22.31,,
04/11/2007,FID SEL MEDICAL DEL,CONTRIBUTION,163.54,3.10,,
04/11/2007,FID SEL CONS STAPLES,CONTRIBUTION,163.54,2.70,,
04/11/2007,FID DIVERSIFIED INTL,CONTRIBUTION,163.54,4.19,,
03/07/2007,FID VALUE,CONTRIBUTION,163.54,1.98,,
03/07/2007,FID SEL WIRELESS,CONTRIBUTION,163.54,23.46,,
03/07/2007,FID SEL MEDICAL DEL,CONTRIBUTION,163.54,3.23,,
03/07/2007,FID SEL CONS STAPLES,CONTRIBUTION,163.54,2.84,,
03/07/2007,FID DIVERSIFIED INTL,CONTRIBUTION,163.54,4.47,,
02/07/2007,FID VALUE,CONTRIBUTION,163.54,1.93,,
02/07/2007,FID SEL WIRELESS,CONTRIBUTION,163.54,22.50,,
02/07/2007,FID SEL MEDICAL DEL,CONTRIBUTION,163.54,3.23,,
02/07/2007,FID SEL CONS STAPLES,CONTRIBUTION,163.54,2.77,,
02/07/2007,FID DIVERSIFIED INTL,CONTRIBUTION,163.54,4.32,,
01/11/2007,FID VALUE,CONTRIBUTION,2360.75,29.08,,
01/11/2007,FID SEL WIRELESS,CONTRIBUTION,2360.75,332.50,,
01/11/2007,FID SEL MEDICAL DEL,CONTRIBUTION,2360.75,48.24,,
01/11/2007,FID SEL CONS STAPLES,CONTRIBUTION,2360.75,40.83,,
01/11/2007,FID DIVERSIFIED INTL,CONTRIBUTION,2360.75,64.95,,
01/10/2007,FID VALUE,CONTRIBUTION,163.54,2.03,,
01/10/2007,FID SEL WIRELESS,CONTRIBUTION,163.54,23.26,,
01/10/2007,FID SEL MEDICAL DEL,CONTRIBUTION,163.54,3.40,,
01/10/2007,FID SEL CONS STAPLES,CONTRIBUTION,163.54,2.85,,
01/10/2007,FID DIVERSIFIED INTL,CONTRIBUTION,163.54,4.54,,
12/13/2006,FID VALUE,CONTRIBUTION,417.50,5.18,,
12/13/2006,FID SEL WIRELESS,CONTRIBUTION,417.50,59.90,,
12/13/2006,FID SEL MEDICAL DEL,CONTRIBUTION,417.50,8.82,,
12/13/2006,FID SEL CONS STAPLES,CONTRIBUTION,417.50,7.34,,
12/13/2006,FID DIVERSIFIED INTL,CONTRIBUTION,417.50,11.39,,
12/08/2006,FID SEL MEDICAL DEL,Dividends and Interest,346.69,7.29,,
12/08/2006,FID SEL CONS STAPLES,Dividends and Interest,295.99,5.22,,
12/08/2006,FID DIVERSIFIED INTL,Dividends and Interest,448.29,12.33,,
12/06/2006,FID VALUE,CONTRIBUTION,163.54,2.02,,
12/06/2006,FID SEL WIRELESS,CONTRIBUTION,163.54,23.36,,
12/06/2006,FID SEL MEDICAL DEL,CONTRIBUTION,163.54,3.22,,
12/06/2006,FID SEL CONS STAPLES,CONTRIBUTION,163.54,2.75,,
12/06/2006,FID DIVERSIFIED INTL,CONTRIBUTION,163.54,4.17,,
12/01/2006,FID VALUE,Dividends and Interest,435.72,5.47,,
11/08/2006,FID VALUE,CONTRIBUTION,163.54,1.92,,
11/08/2006,FID SEL WIRELESS,CONTRIBUTION,163.54,24.01,,
11/08/2006,FID SEL MEDICAL DEL,CONTRIBUTION,163.54,3.30,,
11/08/2006,FID SEL CONS STAPLES,CONTRIBUTION,163.54,2.81,,
11/08/2006,FID DIVERSIFIED INTL,CONTRIBUTION,163.54,4.30,,
10/11/2006,FID VALUE,CONTRIBUTION,163.54,1.99,,
10/11/2006,FID SEL WIRELESS,CONTRIBUTION,163.54,24.30,,
10/11/2006,FID SEL MEDICAL DEL,CONTRIBUTION,163.54,3.23,,
10/11/2006,FID SEL CONS STAPLES,CONTRIBUTION,163.54,2.87,,
10/11/2006,FID DIVERSIFIED INTL,CONTRIBUTION,163.54,4.50,,
09/06/2006,FID VALUE,CONTRIBUTION,163.54,2.05,,
09/06/2006,FID SEL WIRELESS,CONTRIBUTION,163.54,25.88,,
09/06/2006,FID SEL MEDICAL DEL,CONTRIBUTION,163.54,3.25,,
09/06/2006,FID SEL CONS STAPLES,CONTRIBUTION,163.54,2.89,,
09/06/2006,FID DIVERSIFIED INTL,CONTRIBUTION,163.54,4.52,,
08/09/2006,FID VALUE,CONTRIBUTION,163.54,2.14,,
08/09/2006,FID SEL WIRELESS,CONTRIBUTION,163.54,26.72,,
08/09/2006,FID SEL MEDICAL DEL,CONTRIBUTION,163.54,3.34,,
08/09/2006,FID SEL CONS STAPLES,CONTRIBUTION,163.54,3.01,,
08/09/2006,FID DIVERSIFIED INTL,CONTRIBUTION,163.54,4.61,,
07/12/2006,FID VALUE,CONTRIBUTION,163.54,2.12,,
07/12/2006,FID SEL WIRELESS,CONTRIBUTION,163.54,26.94,,
07/12/2006,FID SEL MEDICAL DEL,CONTRIBUTION,163.54,3.34,,
07/12/2006,FID SEL CONS STAPLES,CONTRIBUTION,163.54,3.02,,
07/12/2006,FID DIVERSIFIED INTL,CONTRIBUTION,163.54,4.70,,
06/07/2006,FID VALUE,CONTRIBUTION,160.34,2.06,,
06/07/2006,FID SEL WIRELESS,CONTRIBUTION,160.34,24.98,,
06/07/2006,FID SEL MEDICAL DEL,CONTRIBUTION,160.32,3.31,,
06/07/2006,FID SEL CONS STAPLES,CONTRIBUTION,160.34,3.06,,
06/07/2006,FID DIVERSIFIED INTL,CONTRIBUTION,160.32,4.66,,
05/10/2006,FID VALUE,CONTRIBUTION,160.34,1.93,,
05/10/2006,FID SEL WIRELESS,CONTRIBUTION,160.34,22.81,,
05/10/2006,FID SEL MEDICAL DEL,CONTRIBUTION,160.32,3.32,,
05/10/2006,FID SEL CONS STAPLES,CONTRIBUTION,160.34,2.95,,
05/10/2006,FID DIVERSIFIED INTL,CONTRIBUTION,160.32,4.15,,
04/12/2006,FID VALUE,CONTRIBUTION,160.34,2.00,,
04/12/2006,FID SEL WIRELESS,CONTRIBUTION,160.34,22.94,,
04/12/2006,FID SEL MEDICAL DEL,CONTRIBUTION,160.32,3.14,,
04/12/2006,FID SEL CONS STAPLES,CONTRIBUTION,160.34,3.08,,
04/12/2006,FID DIVERSIFIED INTL,CONTRIBUTION,160.32,4.49,,
04/07/2006,FID SEL WIRELESS,Dividends and Interest,239.28,33.65,,
04/07/2006,FID SEL MEDICAL DEL,Dividends and Interest,102.16,1.94,,
04/07/2006,FID SEL CONS STAPLES,Dividends and Interest,42.06,0.80,,
03/08/2006,FID VALUE,CONTRIBUTION,160.34,2.03,,
03/08/2006,FID SEL WIRELESS,CONTRIBUTION,160.34,22.12,,
03/08/2006,FID SEL MEDICAL DEL,CONTRIBUTION,160.32,2.92,,
03/08/2006,FID SEL CONS STAPLES,CONTRIBUTION,160.34,3.07,,
03/08/2006,FID DIVERSIFIED INTL,CONTRIBUTION,160.32,4.75,,
02/08/2006,FID VALUE,CONTRIBUTION,160.34,2.04,,
02/08/2006,FID SEL WIRELESS,CONTRIBUTION,160.34,22.21,,
02/08/2006,FID SEL MEDICAL DEL,CONTRIBUTION,160.32,2.99,,
02/08/2006,FID SEL CONS STAPLES,CONTRIBUTION,160.34,3.11,,
02/08/2006,FID DIVERSIFIED INTL,CONTRIBUTION,160.32,4.71,,
01/12/2006,FID VALUE,CONTRIBUTION,1708.00,21.68,,
01/12/2006,FID SEL WIRELESS,CONTRIBUTION,1708.00,239.89,,
01/12/2006,FID SEL MEDICAL DEL,CONTRIBUTION,1708.00,30.90,,
01/12/2006,FID SEL CONS STAPLES,CONTRIBUTION,1708.00,33.22,,
01/12/2006,FID DIVERSIFIED INTL,CONTRIBUTION,1708.00,50.15,,
01/11/2006,FID VALUE,CONTRIBUTION,160.34,2.02,,
01/11/2006,FID SEL WIRELESS,CONTRIBUTION,160.34,22.30,,
01/11/2006,FID SEL MEDICAL DEL,CONTRIBUTION,160.32,2.91,,
01/11/2006,FID SEL CONS STAPLES,CONTRIBUTION,160.34,3.11,,
01/11/2006,FID DIVERSIFIED INTL,CONTRIBUTION,160.32,4.69,,
12/14/2005,FID VALUE,CONTRIBUTION,271.00,3.54,,
12/14/2005,FID SEL WIRELESS,CONTRIBUTION,271.00,38.94,,
12/14/2005,FID SEL MEDICAL DEL,CONTRIBUTION,271.00,4.91,,
12/14/2005,FID SEL CONS STAPLES,CONTRIBUTION,271.00,5.27,,
12/14/2005,FID DIVERSIFIED INTL,CONTRIBUTION,271.00,8.40,,
12/09/2005,FID SEL MEDICAL DEL,Dividends and Interest,25.13,0.46,,
12/09/2005,FID SEL CONS STAPLES,Dividends and Interest,67.38,1.33,,
12/09/2005,FID DIVERSIFIED INTL,Dividends and Interest,42.48,1.34,,
12/07/2005,FID VALUE,CONTRIBUTION,160.34,2.13,,
12/07/2005,FID SEL WIRELESS,CONTRIBUTION,160.34,23.20,,
12/07/2005,FID SEL MEDICAL DEL,CONTRIBUTION,160.32,2.90,,
12/07/2005,FID SEL CONS STAPLES,CONTRIBUTION,160.34,3.01,,
12/07/2005,FID DIVERSIFIED INTL,CONTRIBUTION,160.32,4.91,,
12/02/2005,FID VALUE,Dividends and Interest,82.31,1.09,,
11/09/2005,FID VALUE,CONTRIBUTION,160.34,2.08,,
11/09/2005,FID SEL WIRELESS,CONTRIBUTION,160.34,23.86,,
11/09/2005,FID SEL MEDICAL DEL,CONTRIBUTION,160.32,3.07,,
11/09/2005,FID SEL CONS STAPLES,CONTRIBUTION,160.34,3.07,,
11/09/2005,FID DIVERSIFIED INTL,CONTRIBUTION,160.32,5.14,,
10/12/2005,FID VALUE,CONTRIBUTION,160.34,2.16,,
10/12/2005,FID SEL WIRELESS,CONTRIBUTION,160.34,25.17,,
10/12/2005,FID SEL MEDICAL DEL,CONTRIBUTION,160.32,3.12,,
10/12/2005,FID SEL CONS STAPLES,CONTRIBUTION,160.34,3.14,,
10/12/2005,FID DIVERSIFIED INTL,CONTRIBUTION,160.32,5.16,,
09/07/2005,FID VALUE,CONTRIBUTION,160.34,2.04,,
09/07/2005,FID SEL WIRELESS,CONTRIBUTION,160.34,23.79,,
09/07/2005,FID SEL MEDICAL DEL,CONTRIBUTION,160.32,3.03,,
09/07/2005,FID SEL CONS STAPLES,CONTRIBUTION,160.34,3.03,,
09/07/2005,FID DIVERSIFIED INTL,CONTRIBUTION,160.32,5.07,,
08/10/2005,FID VALUE,CONTRIBUTION,160.34,2.06,,
08/10/2005,FID SEL WIRELESS,CONTRIBUTION,160.34,24.29,,
08/10/2005,FID SEL MEDICAL DEL,CONTRIBUTION,160.32,3.12,,
08/10/2005,FID SEL CONS STAPLES,CONTRIBUTION,160.34,3.05,,
08/10/2005,FID DIVERSIFIED INTL,CONTRIBUTION,160.32,5.20,,
07/06/2005,FID VALUE,CONTRIBUTION,160.34,2.14,,
07/06/2005,FID SEL WIRELESS,CONTRIBUTION,160.34,25.78,,
07/06/2005,FID SEL MEDICAL DEL,CONTRIBUTION,160.32,3.17,,
07/06/2005,FID SEL CONS STAPLES,CONTRIBUTION,160.34,3.21,,
07/06/2005,FID DIVERSIFIED INTL,CONTRIBUTION,160.32,5.57,,
06/22/2005,FID VALUE,CONTRIBUTION,158.33,2.10,,
06/22/2005,FID VALUE,Change in Market Value,6.84,0.00,,
06/22/2005,FID SEL WIRELESS,CONTRIBUTION,158.33,25.21,,
06/22/2005,FID SEL WIRELESS,Change in Market Value,10.87,0.00,,
06/22/2005,FID SEL MEDICAL DEL,CONTRIBUTION,158.33,3.16,,
06/22/2005,FID SEL MEDICAL DEL,Change in Market Value,7.04,0.00,,
06/22/2005,FID SEL CONS STAPLES,CONTRIBUTION,158.34,3.06,,
06/22/2005,FID SEL CONS STAPLES,Change in Market Value,3.14,0.00,,
06/22/2005,FID DIVERSIFIED INTL,CONTRIBUTION,158.33,5.44,,
06/22/2005,FID DIVERSIFIED INTL,Change in Market Value,3.51,0.00,,
06/08/2005,FID VALUE,CONTRIBUTION,79.17,1.08,,
06/08/2005,FID SEL WIRELESS,CONTRIBUTION,79.17,13.11,,
06/08/2005,FID SEL MEDICAL DEL,CONTRIBUTION,79.16,1.63,,
06/08/2005,FID SEL CONS STAPLES,CONTRIBUTION,79.17,1.55,,
06/08/2005,FID DIVERSIFIED INTL,CONTRIBUTION,79.16,2.76,,
05/11/2005,FID VALUE,CONTRIBUTION,79.17,1.12,,
05/11/2005,FID SEL WIRELESS,CONTRIBUTION,79.17,13.96,,
05/11/2005,FID SEL MEDICAL DEL,CONTRIBUTION,79.16,1.68,,
05/11/2005,FID SEL CONS STAPLES,CONTRIBUTION,79.17,1.57,,
05/11/2005,FID DIVERSIFIED INTL,CONTRIBUTION,79.16,2.80,,
12/07/2012,FID VALUE K,Dividends and Interest,379.78,5.08,,
12/07/2012,FID SEL WIRELESS,Dividends and Interest,661.81,80.81,,
12/07/2012,FID LATIN AMERICA,Dividends and Interest,692.53,15.55,,
12/07/2012,FID HIGH INCOME,Dividends and Interest,58.96,6.33,,
12/07/2012,FID EMEA,Dividends and Interest,93.48,10.65,,
12/07/2012,FID CAPITAL &amp; INCOME,Dividends and Interest,65.03,6.87,,
11/30/2012,FID NEW MARKETS INC,Dividends and Interest,73.32,4.09,,
11/30/2012,FID INFLAT PROT BOND,Dividends and Interest,2.46,0.18,,
11/30/2012,FID HIGH INCOME,Dividends and Interest,51.47,5.54,,
11/30/2012,FID CAPITAL &amp; INCOME,Dividends and Interest,62.32,6.62,,
11/28/2012,FID SEL FINANCIAL,CONTRIBUTION,280.00,4.67,,
11/28/2012,FID SEL CONSTR/HOUSE,CONTRIBUTION,140.00,2.91,,
11/28/2012,FID REAL ESTATE INVS,CONTRIBUTION,140.00,4.52,,
11/28/2012,FID EMEA,CONTRIBUTION,140.00,16.15,,
11/14/2012,FID SEL FINANCIAL,CONTRIBUTION,280.00,4.83,,
11/14/2012,FID SEL CONSTR/HOUSE,CONTRIBUTION,140.00,3.08,,
11/14/2012,FID REAL ESTATE INVS,CONTRIBUTION,140.00,4.62,,
11/14/2012,FID EMEA,CONTRIBUTION,140.00,16.36,,
10/31/2012,FID SEL FINANCIAL,CONTRIBUTION,280.00,4.62,,
10/31/2012,FID SEL CONSTR/HOUSE,CONTRIBUTION,140.00,2.97,,
10/31/2012,FID REAL ESTATE INVS,CONTRIBUTION,140.00,4.47,,
10/31/2012,FID NEW MARKETS INC,Dividends and Interest,78.00,4.41,,
10/31/2012,FID INFLAT PROT BOND,Dividends and Interest,2.70,0.20,,
10/31/2012,FID HIGH INCOME,Dividends and Interest,51.83,5.58,,
10/31/2012,FID EMEA,CONTRIBUTION,140.00,16.00,,
10/31/2012,FID CAPITAL &amp; INCOME,Dividends and Interest,63.68,6.80,,
10/17/2012,FID SEL FINANCIAL,CONTRIBUTION,280.00,4.55,,
10/17/2012,FID SEL CONSTR/HOUSE,CONTRIBUTION,140.00,2.97,,
10/17/2012,FID REAL ESTATE INVS,CONTRIBUTION,140.00,4.40,,
10/17/2012,FID EMEA,CONTRIBUTION,140.00,15.68,,
10/03/2012,FID SEL FINANCIAL,CONTRIBUTION,280.00,4.66,,
10/03/2012,FID SEL CONSTR/HOUSE,CONTRIBUTION,140.00,3.00,,
10/03/2012,FID REAL ESTATE INVS,CONTRIBUTION,140.00,4.42,,
10/03/2012,FID EMEA,CONTRIBUTION,140.00,15.84,,
09/28/2012,FID NEW MARKETS INC,Dividends and Interest,73.14,4.15,,
09/28/2012,FID INFLAT PROT BOND,Dividends and Interest,2.37,0.18,,
09/28/2012,FID HIGH INCOME,Dividends and Interest,49.98,5.39,,
09/28/2012,FID CAPITAL &amp; INCOME,Dividends and Interest,60.69,6.49,,
09/19/2012,FID SEL FINANCIAL,CONTRIBUTION,280.00,4.60,,
09/19/2012,FID SEL CONSTR/HOUSE,CONTRIBUTION,140.00,2.99,,
09/19/2012,FID REAL ESTATE INVS,CONTRIBUTION,140.00,4.29,,
09/19/2012,FID EMEA,CONTRIBUTION,140.00,15.54,,
09/07/2012,FID REAL ESTATE INVS,Dividends and Interest,6.53,0.20,,
09/05/2012,FID SEL FINANCIAL,CONTRIBUTION,293.62,5.04,,
09/05/2012,FID SEL CONSTR/HOUSE,CONTRIBUTION,146.80,3.34,,
09/05/2012,FID REAL ESTATE INVS,CONTRIBUTION,146.82,4.52,,
09/05/2012,FID EMEA,CONTRIBUTION,146.82,17.03,,
08/31/2012,FID NEW MARKETS INC,Dividends and Interest,77.70,4.46,,
08/31/2012,FID INFLAT PROT BOND,Dividends and Interest,3.17,0.24,,
08/31/2012,FID HIGH INCOME,Dividends and Interest,51.72,5.62,,
08/31/2012,FID CAPITAL &amp; INCOME,Dividends and Interest,62.88,6.78,,
08/22/2012,FID SEL FINANCIAL,CONTRIBUTION,266.38,4.58,,
08/22/2012,FID SEL CONSTR/HOUSE,CONTRIBUTION,133.20,3.04,,
08/22/2012,FID REAL ESTATE INVS,CONTRIBUTION,133.18,4.16,,
08/22/2012,FID EMEA,CONTRIBUTION,133.18,15.15,,
08/08/2012,FID SEL FINANCIAL,CONTRIBUTION,266.38,4.63,,
08/08/2012,FID SEL CONSTR/HOUSE,CONTRIBUTION,133.20,3.15,,
08/08/2012,FID REAL ESTATE INVS,CONTRIBUTION,133.18,4.19,,
08/08/2012,FID EMEA,CONTRIBUTION,133.18,15.12,,
07/31/2012,FID NEW MARKETS INC,Dividends and Interest,75.99,4.40,,
07/31/2012,FID INFLAT PROT BOND,Dividends and Interest,4.26,0.32,,
07/31/2012,FID HIGH INCOME,Dividends and Interest,55.01,6.04,,
07/31/2012,FID CAPITAL &amp; INCOME,Dividends and Interest,62.92,6.85,,
07/25/2012,FID SEL FINANCIAL,CONTRIBUTION,266.38,4.80,,
07/25/2012,FID SEL CONSTR/HOUSE,CONTRIBUTION,133.20,3.27,,
07/25/2012,FID REAL ESTATE INVS,CONTRIBUTION,133.18,4.24,,
07/25/2012,FID EMEA,CONTRIBUTION,133.18,16.14,,
07/11/2012,FID SEL FINANCIAL,CONTRIBUTION,259.92,4.66,,
07/11/2012,FID SEL CONSTR/HOUSE,CONTRIBUTION,129.96,3.16,,
07/11/2012,FID REAL ESTATE INVS,CONTRIBUTION,129.94,4.10,,
07/11/2012,FID EMEA,CONTRIBUTION,129.96,15.56,,
06/29/2012,FID NEW MARKETS INC,Dividends and Interest,72.03,4.32,,
06/29/2012,FID INFLAT PROT BOND,Dividends and Interest,4.30,0.33,,
06/29/2012,FID HIGH INCOME,Dividends and Interest,53.25,5.93,,
06/29/2012,FID CAPITAL &amp; INCOME,Dividends and Interest,60.44,6.67,,
06/27/2012,FID SEL FINANCIAL,CONTRIBUTION,259.92,4.76,,
06/27/2012,FID SEL CONSTR/HOUSE,CONTRIBUTION,129.96,3.22,,
06/27/2012,FID REAL ESTATE INVS,CONTRIBUTION,129.94,4.27,,
06/27/2012,FID EMEA,CONTRIBUTION,129.96,15.93,,
06/13/2012,FID SEL FINANCIAL,CONTRIBUTION,259.92,4.82,,
06/13/2012,FID SEL CONSTR/HOUSE,CONTRIBUTION,129.96,3.32,,
06/13/2012,FID REAL ESTATE INVS,CONTRIBUTION,129.94,4.34,,
06/13/2012,FID EMEA,CONTRIBUTION,129.96,15.95,,
06/08/2012,FID CAPITAL &amp; INCOME,Dividends and Interest,7.36,0.82,,
06/01/2012,FID REAL ESTATE INVS,Dividends and Interest,4.77,0.16,,
05/31/2012,FID NEW MARKETS INC,Dividends and Interest,77.11,4.76,,
05/31/2012,FID INFLAT PROT BOND,Dividends and Interest,5.46,0.41,,
05/31/2012,FID HIGH INCOME,Dividends and Interest,54.26,6.14,,
05/31/2012,FID CAPITAL &amp; INCOME,Dividends and Interest,65.88,7.35,,
05/30/2012,FID SEL FINANCIAL,CONTRIBUTION,259.92,4.82,,
05/30/2012,FID SEL CONSTR/HOUSE,CONTRIBUTION,129.96,3.27,,
05/30/2012,FID REAL ESTATE INVS,CONTRIBUTION,129.94,4.35,,
05/30/2012,FID EMEA,CONTRIBUTION,129.96,16.60,,
05/16/2012,FID SEL FINANCIAL,CONTRIBUTION,259.92,4.73,,
05/16/2012,FID SEL CONSTR/HOUSE,CONTRIBUTION,129.96,3.18,,
05/16/2012,FID REAL ESTATE INVS,CONTRIBUTION,129.94,4.24,,
05/16/2012,FID EMEA,CONTRIBUTION,129.96,16.06,,
05/11/2012,FID INFLAT PROT BOND,Dividends and Interest,25.73,1.96,,
05/02/2012,FID SEL FINANCIAL,CONTRIBUTION,259.92,4.47,,
05/02/2012,FID SEL CONSTR/HOUSE,CONTRIBUTION,129.96,2.97,,
05/02/2012,FID REAL ESTATE INVS,CONTRIBUTION,129.94,4.07,,
05/02/2012,FID EMEA,CONTRIBUTION,129.96,14.70,,
04/30/2012,FID NEW MARKETS INC,Dividends and Interest,74.73,4.47,,
04/30/2012,FID INFLAT PROT BOND,Dividends and Interest,5.43,0.41,,
04/30/2012,FID HIGH INCOME,Dividends and Interest,52.84,5.84,,
04/30/2012,FID CAPITAL &amp; INCOME,Dividends and Interest,63.19,6.85,,
04/18/2012,FID SEL FINANCIAL,CONTRIBUTION,259.92,4.50,,
04/18/2012,FID SEL CONSTR/HOUSE,CONTRIBUTION,129.96,3.09,,
04/18/2012,FID REAL ESTATE INVS,CONTRIBUTION,129.94,4.26,,
04/18/2012,FID EMEA,CONTRIBUTION,129.96,14.85,,
04/13/2012,FID SEL CONS STAPLES,Dividends and Interest,214.80,2.85,,
04/04/2012,FID SEL FINANCIAL,CONTRIBUTION,259.92,4.39,,
04/04/2012,FID SEL ENERGY,Dividends and Interest,12.91,0.25,,
04/04/2012,FID SEL CONSTR/HOUSE,CONTRIBUTION,129.96,3.10,,
04/04/2012,FID REAL ESTATE INVS,CONTRIBUTION,129.94,4.26,,
04/04/2012,FID EMEA,CONTRIBUTION,129.96,14.80,,
03/30/2012,FID NEW MARKETS INC,Dividends and Interest,77.37,4.68,,
03/30/2012,FID INFLAT PROT BOND,Dividends and Interest,5.82,0.45,,
03/30/2012,FID HIGH INCOME,Dividends and Interest,52.87,5.87,,
03/30/2012,FID CAPITAL &amp; INCOME,Dividends and Interest,66.34,7.20,,
03/21/2012,FID SEL FINANCIAL,CONTRIBUTION,259.92,4.29,,
03/21/2012,FID SEL CONSTR/HOUSE,CONTRIBUTION,129.96,3.07,,
03/21/2012,FID REAL ESTATE INVS,CONTRIBUTION,129.94,4.27,,
03/21/2012,FID EMEA,CONTRIBUTION,129.96,14.52,,
03/07/2012,FID SEL FINANCIAL,CONTRIBUTION,259.92,4.57,,
03/07/2012,FID SEL CONSTR/HOUSE,CONTRIBUTION,129.96,3.25,,
03/07/2012,FID REAL ESTATE INVS,CONTRIBUTION,129.94,4.42,,
03/07/2012,FID EMEA,CONTRIBUTION,129.96,14.47,,
03/02/2012,FID REAL ESTATE INVS,Dividends and Interest,1.07,0.04,,
02/29/2012,FID NEW MARKETS INC,Dividends and Interest,71.37,4.30,,
02/29/2012,FID INFLAT PROT BOND,Dividends and Interest,5.43,0.42,,
02/29/2012,FID HIGH INCOME,Dividends and Interest,49.94,5.52,,
02/29/2012,FID CAPITAL &amp; INCOME,Dividends and Interest,60.49,6.56,,
02/22/2012,FID SEL FINANCIAL,CONTRIBUTION,259.92,4.55,,
02/22/2012,FID SEL CONSTR/HOUSE,CONTRIBUTION,129.96,3.31,,
02/22/2012,FID REAL ESTATE INVS,CONTRIBUTION,129.94,4.47,,
02/22/2012,FID EMEA,CONTRIBUTION,129.96,14.80,,
02/10/2012,FID NEW MARKETS INC,Dividends and Interest,51.35,3.17,,
02/08/2012,FID SEL FINANCIAL,CONTRIBUTION,259.92,4.48,,
02/08/2012,FID SEL CONSTR/HOUSE,CONTRIBUTION,129.96,3.27,,
02/08/2012,FID REAL ESTATE INVS,CONTRIBUTION,129.94,4.31,,
02/08/2012,FID EMEA,CONTRIBUTION,129.96,14.68,,
01/31/2012,FID NEW MARKETS INC,Dividends and Interest,66.18,4.10,,
01/31/2012,FID INFLAT PROT BOND,Dividends and Interest,5.48,0.42,,
01/31/2012,FID HIGH INCOME,Dividends and Interest,45.56,5.13,,
01/31/2012,FID CAPITAL &amp; INCOME,Dividends and Interest,62.54,6.96,,
01/25/2012,FID SEL FINANCIAL,CONTRIBUTION,259.92,4.68,,
01/25/2012,FID SEL CONSTR/HOUSE,CONTRIBUTION,129.96,3.32,,
01/25/2012,FID REAL ESTATE INVS,CONTRIBUTION,129.94,4.42,,
01/25/2012,FID EMEA,CONTRIBUTION,129.96,15.64,,
01/18/2012,FID NEW MARKETS INC,CONTRIBUTION,5171.12,327.08,,
01/18/2012,FID INFLAT PROT BOND,CONTRIBUTION,5171.12,401.17,,
01/18/2012,FID HIGH INCOME,CONTRIBUTION,4432.38,505.98,,
01/11/2012,FID SEL FINANCIAL,CONTRIBUTION,259.92,4.89,,
01/11/2012,FID SEL CONSTR/HOUSE,CONTRIBUTION,129.96,3.47,,
01/11/2012,FID REAL ESTATE INVS,CONTRIBUTION,129.94,4.64,,
01/11/2012,FID EMEA,CONTRIBUTION,129.96,16.33,,
12/31/2013,FIMM MONEY MKT INST,Dividends and Interest,7.52,7.52,,
12/31/2013,FID NEW MARKETS INC,Dividends and Interest,81.12,5.20,,
12/31/2013,FID CAPITAL &amp; INCOME,Dividends and Interest,62.10,6.30,,
12/26/2013,FID REAL ESTATE INVS,Dividends and Interest,0.42,0.01,,
12/24/2013,FID SEL FINANCIAL,CONTRIBUTION,353.50,4.34,,
12/24/2013,FID SEL CONSTR/HOUSE,CONTRIBUTION,176.76,3.29,,
12/24/2013,FID REAL ESTATE INC,CONTRIBUTION,176.74,15.97,,
12/20/2013,FID SEL NATURAL RES,Dividends and Interest,365.26,10.07,,
12/20/2013,FID SEL MEDICAL DEL,Dividends and Interest,1849.55,25.77,,
12/20/2013,FID SEL FINANCIAL,Dividends and Interest,208.00,2.58,,
12/20/2013,FID SEL CONSTR/HOUSE,Dividends and Interest,852.47,16.13,,
12/20/2013,FID NEW MARKETS INC,Dividends and Interest,272.45,17.45,,
12/18/2013,FID SEL FINANCIAL,CONTRIBUTION,2578.10,31.91,,
12/18/2013,FID SEL CONSTR/HOUSE,CONTRIBUTION,1289.06,22.62,,
12/18/2013,FID REAL ESTATE INC,CONTRIBUTION,1289.04,116.44,,
12/13/2013,FID REAL ESTATE INVS,Dividends and Interest,42.23,1.35,,
12/13/2013,FID REAL ESTATE INC,Dividends and Interest,120.72,11.00,,
12/11/2013,FID SEL FINANCIAL,CONTRIBUTION,353.50,4.48,,
12/11/2013,FID SEL CONSTR/HOUSE,CONTRIBUTION,176.76,3.18,,
12/11/2013,FID REAL ESTATE INC,CONTRIBUTION,176.74,15.65,,
12/06/2013,FID VALUE K,Dividends and Interest,453.95,4.52,,
12/06/2013,FID SM CAP DISCOVERY,Dividends and Interest,138.07,4.46,,
12/06/2013,FID SEL TECHNOLOGY,Dividends and Interest,835.06,7.09,,
12/06/2013,FID SEL BIOTECH,Dividends and Interest,77.89,0.44,,
12/06/2013,FID JAPAN SMALL CO,Dividends and Interest,372.73,27.94,,
12/06/2013,FID EMEA,Dividends and Interest,66.11,7.35,,
12/06/2013,FID CHINA REGION,Dividends and Interest,911.48,27.00,,
12/06/2013,FID CAPITAL &amp; INCOME,Dividends and Interest,100.57,10.29,,
11/29/2013,FIMM MONEY MKT INST,Dividends and Interest,7.50,7.50,,
11/29/2013,FID NEW MARKETS INC,Dividends and Interest,76.23,4.83,,
11/29/2013,FID CAPITAL &amp; INCOME,Dividends and Interest,60.44,6.14,,
11/27/2013,FID SEL FINANCIAL,CONTRIBUTION,353.50,4.42,,
11/27/2013,FID SEL CONSTR/HOUSE,CONTRIBUTION,176.76,3.11,,
11/27/2013,FID REAL ESTATE INC,CONTRIBUTION,176.74,15.54,,
11/13/2013,FID SEL FINANCIAL,CONTRIBUTION,353.50,4.57,,
11/13/2013,FID SEL CONSTR/HOUSE,CONTRIBUTION,176.76,3.15,,
11/13/2013,FID REAL ESTATE INC,CONTRIBUTION,176.74,15.57,,
10/31/2013,FIMM MONEY MKT INST,Dividends and Interest,7.79,7.79,,
10/31/2013,FID NEW MARKETS INC,Dividends and Interest,78.85,4.86,,
10/31/2013,FID CAPITAL &amp; INCOME,Dividends and Interest,62.65,6.41,,
10/30/2013,FID SEL FINANCIAL,CONTRIBUTION,353.50,4.59,,
10/30/2013,FID SEL CONSTR/HOUSE,CONTRIBUTION,176.76,3.10,,
10/30/2013,FID REAL ESTATE INC,CONTRIBUTION,176.74,15.37,,
10/16/2013,FID SEL FINANCIAL,CONTRIBUTION,353.50,4.61,,
10/16/2013,FID SEL CONSTR/HOUSE,CONTRIBUTION,176.76,3.21,,
10/16/2013,FID REAL ESTATE INC,CONTRIBUTION,176.74,15.56,,
10/02/2013,FID SEL FINANCIAL,CONTRIBUTION,353.50,4.74,,
10/02/2013,FID SEL CONSTR/HOUSE,CONTRIBUTION,176.76,3.16,,
10/02/2013,FID REAL ESTATE INC,CONTRIBUTION,176.74,15.65,,
09/30/2013,FIMM MONEY MKT INST,Dividends and Interest,7.54,7.54,,
09/30/2013,FID NEW MARKETS INC,Dividends and Interest,76.75,4.82,,
09/30/2013,FID CAPITAL &amp; INCOME,Dividends and Interest,59.47,6.23,,
09/18/2013,FID SEL FINANCIAL,CONTRIBUTION,353.50,4.65,,
09/18/2013,FID SEL CONSTR/HOUSE,CONTRIBUTION,176.76,3.11,,
09/18/2013,FID REAL ESTATE INC,CONTRIBUTION,176.74,15.59,,
09/06/2013,FID REAL ESTATE INVS,Dividends and Interest,27.19,0.86,,
09/06/2013,FID REAL ESTATE INC,Dividends and Interest,84.88,7.65,,
09/04/2013,FID SEL FINANCIAL,CONTRIBUTION,353.50,4.87,,
09/04/2013,FID SEL CONSTR/HOUSE,CONTRIBUTION,176.76,3.35,,
09/04/2013,FID REAL ESTATE INC,CONTRIBUTION,176.74,15.54,,
08/30/2013,FIMM MONEY MKT INST,Dividends and Interest,9.51,9.51,,
08/30/2013,FID NEW MARKETS INC,Dividends and Interest,79.20,5.06,,
08/30/2013,FID CAPITAL &amp; INCOME,Dividends and Interest,61.59,6.52,,
08/21/2013,FID SEL FINANCIAL,CONTRIBUTION,353.50,4.86,,
08/21/2013,FID SEL CONSTR/HOUSE,CONTRIBUTION,176.76,3.32,,
08/21/2013,FID REAL ESTATE INC,CONTRIBUTION,176.74,15.57,,
08/07/2013,FID SEL FINANCIAL,CONTRIBUTION,353.50,4.73,,
08/07/2013,FID SEL CONSTR/HOUSE,CONTRIBUTION,176.76,3.23,,
08/07/2013,FID REAL ESTATE INC,CONTRIBUTION,176.74,15.22,,
07/31/2013,FIMM MONEY MKT INST,Dividends and Interest,10.41,10.41,,
07/31/2013,FID NEW MARKETS INC,Dividends and Interest,82.13,5.12,,
07/31/2013,FID CAPITAL &amp; INCOME,Dividends and Interest,62.34,6.49,,
07/24/2013,FID SEL FINANCIAL,CONTRIBUTION,353.50,4.73,,
07/24/2013,FID SEL CONSTR/HOUSE,CONTRIBUTION,176.76,3.13,,
07/24/2013,FID REAL ESTATE INC,CONTRIBUTION,176.74,15.00,,
07/10/2013,FID SEL FINANCIAL,CONTRIBUTION,350.00,4.84,,
07/10/2013,FID SEL CONSTR/HOUSE,CONTRIBUTION,175.00,3.15,,
07/10/2013,FID REAL ESTATE INC,CONTRIBUTION,175.00,15.02,,
06/28/2013,FIMM MONEY MKT INST,Dividends and Interest,10.35,10.35,,
06/28/2013,FID NEW MARKETS INC,Dividends and Interest,76.17,4.78,,
06/28/2013,FID CAPITAL &amp; INCOME,Dividends and Interest,60.77,6.42,,
06/26/2013,FID SEL FINANCIAL,CONTRIBUTION,350.00,5.01,,
06/26/2013,FID SEL CONSTR/HOUSE,CONTRIBUTION,175.00,3.26,,
06/26/2013,FID REAL ESTATE INC,CONTRIBUTION,175.00,15.14,,
06/12/2013,FID SEL FINANCIAL,CONTRIBUTION,350.00,4.98,,
06/12/2013,FID SEL CONSTR/HOUSE,CONTRIBUTION,175.00,3.25,,
06/12/2013,FID REAL ESTATE INC,CONTRIBUTION,175.00,15.01,,
06/07/2013,FID SM CAP DISCOVERY,Dividends and Interest,153.08,5.54,,
06/07/2013,FID REAL ESTATE INVS,Dividends and Interest,16.09,0.47,,
06/07/2013,FID REAL ESTATE INC,Dividends and Interest,24.28,2.05,,
05/31/2013,FIMM MONEY MKT INST,Dividends and Interest,6.05,6.05,,
05/31/2013,FID NEW MARKETS INC,Dividends and Interest,83.00,4.94,,
05/31/2013,FID CAPITAL &amp; INCOME,Dividends and Interest,63.50,6.49,,
05/30/2013,FIMM MONEY MKT INST,Exchanges,53471.03,53471.03,,
05/30/2013,FID SEL CONS STAPLES,Exchanges,-53471.03,-53471.03,,
05/30/2013,FID SEL CONS STAPLES,Change in Market Value,17.00,618.63,,
05/29/2013,FID SEL FINANCIAL,CONTRIBUTION,350.00,4.84,,
05/29/2013,FID SEL CONSTR/HOUSE,CONTRIBUTION,175.00,3.08,,
05/29/2013,FID REAL ESTATE INC,CONTRIBUTION,175.00,14.49,,
05/15/2013,FID SEL FINANCIAL,CONTRIBUTION,350.00,4.82,,
05/15/2013,FID SEL CONSTR/HOUSE,CONTRIBUTION,175.00,3.03,,
05/15/2013,FID REAL ESTATE INC,CONTRIBUTION,175.00,14.18,,
05/01/2013,FID SEL FINANCIAL,CONTRIBUTION,350.00,5.13,,
05/01/2013,FID SEL CONSTR/HOUSE,CONTRIBUTION,175.00,3.30,,
05/01/2013,FID REAL ESTATE INC,CONTRIBUTION,175.00,14.36,,
04/30/2013,FIMM MONEY MKT INST,Exchanges,-25000.00,-250.00,,
04/30/2013,FIMM MONEY MKT INST,Dividends and Interest,9.19,9.19,,
04/30/2013,FID SEL BIOTECH,Exchanges,10000.00,71.41,,
04/30/2013,FID NEW MARKETS INC,Dividends and Interest,79.91,4.56,,
04/30/2013,FID JAPAN SMALL CO,Exchanges,15000.00,1136.36,,
04/30/2013,FID CAPITAL &amp; INCOME,Dividends and Interest,61.26,6.21,,
04/17/2013,FID SEL FINANCIAL,CONTRIBUTION,350.00,5.34,,
04/17/2013,FID SEL CONSTR/HOUSE,CONTRIBUTION,175.00,3.38,,
04/17/2013,FID REAL ESTATE INC,CONTRIBUTION,175.00,14.52,,
04/12/2013,FID SEL TECHNOLOGY,Dividends and Interest,85.49,0.82,,
04/12/2013,FID SEL MEDICAL DEL,Dividends and Interest,659.48,10.62,,
04/12/2013,FID SEL FINANCIAL,Dividends and Interest,13.22,0.20,,
04/12/2013,FID SEL CONSTR/HOUSE,Dividends and Interest,36.95,0.69,,
04/12/2013,FID SEL CONS STAPLES,Dividends and Interest,1351.82,15.15,,
04/12/2013,FID SEL BIOTECH,Dividends and Interest,6.64,0.05,,
04/03/2013,FID SEL FINANCIAL,CONTRIBUTION,350.00,5.39,,
04/03/2013,FID SEL CONSTR/HOUSE,CONTRIBUTION,175.00,3.36,,
04/03/2013,FID REAL ESTATE INC,CONTRIBUTION,175.00,14.61,,
03/28/2013,FIMM MONEY MKT INST,Dividends and Interest,10.20,10.20,,
03/28/2013,FID NEW MARKETS INC,Dividends and Interest,82.17,4.78,,
03/28/2013,FID CAPITAL &amp; INCOME,Dividends and Interest,64.86,6.67,,
03/20/2013,FID SEL FINANCIAL,CONTRIBUTION,350.00,5.20,,
03/20/2013,FID SEL CONSTR/HOUSE,CONTRIBUTION,175.00,3.24,,
03/20/2013,FID REAL ESTATE INC,CONTRIBUTION,175.00,14.68,,
03/06/2013,FID SEL FINANCIAL,CONTRIBUTION,350.00,5.24,,
03/06/2013,FID SEL CONSTR/HOUSE,CONTRIBUTION,175.00,3.28,,
03/06/2013,FID REAL ESTATE INC,CONTRIBUTION,175.00,14.74,,
03/01/2013,FID REAL ESTATE INVS,Dividends and Interest,10.98,0.33,,
03/01/2013,FID REAL ESTATE INC,Dividends and Interest,3.54,0.30,,
02/28/2013,FIMM MONEY MKT INST,Dividends and Interest,9.76,9.76,,
02/28/2013,FID NEW MARKETS INC,Dividends and Interest,67.83,3.90,,
02/28/2013,FID CAPITAL &amp; INCOME,Dividends and Interest,57.91,6.01,,
02/20/2013,FID SEL FINANCIAL,CONTRIBUTION,350.00,5.26,,
02/20/2013,FID SEL CONSTR/HOUSE,CONTRIBUTION,175.00,3.38,,
02/20/2013,FID REAL ESTATE INC,CONTRIBUTION,175.00,14.86,,
02/15/2013,FID NEW MARKETS INC,Dividends and Interest,148.47,8.50,,
02/06/2013,FID SEL FINANCIAL,CONTRIBUTION,350.00,5.28,,
02/06/2013,FID SEL CONSTR/HOUSE,CONTRIBUTION,175.00,3.36,,
02/06/2013,FID REAL ESTATE INC,CONTRIBUTION,175.00,14.93,,
01/31/2013,FIMM MONEY MKT INST,Dividends and Interest,7.61,7.61,,
01/31/2013,FID NEW MARKETS INC,Dividends and Interest,75.68,4.29,,
01/31/2013,FID CAPITAL &amp; INCOME,Dividends and Interest,65.69,6.83,,
01/25/2013,FIMM MONEY MKT INST,Exchanges,31582.90,31582.90,,
01/25/2013,FID INFLAT PROT BOND,Exchanges,-19278.86,-1453.91,,
01/25/2013,FID INFLAT PROT BOND,Dividends and Interest,1.01,0.08,,
01/25/2013,FID INFLAT PROT BOND,Change in Market Value,1958.42,0.00,,
01/25/2013,FID HIGH INCOME,Exchanges,-12304.04,-1299.27,,
01/25/2013,FID HIGH INCOME,Dividends and Interest,49.77,5.26,,
01/25/2013,FID HIGH INCOME,Change in Market Value,870.54,0.00,,
01/23/2013,FID SEL FINANCIAL,CONTRIBUTION,350.00,5.34,,
01/23/2013,FID SEL CONSTR/HOUSE,CONTRIBUTION,175.00,3.35,,
01/23/2013,FID REAL ESTATE INC,CONTRIBUTION,175.00,15.02,,
01/16/2013,FID SM CAP DISCOVERY,CONTRIBUTION,3890.81,155.57,,
01/16/2013,FID SEL BIOTECH,CONTRIBUTION,3890.81,33.19,,
01/16/2013,FID CHINA REGION,CONTRIBUTION,7781.61,247.35,,
01/09/2013,FID SEL FINANCIAL,CONTRIBUTION,350.00,5.48,,
01/09/2013,FID SEL CONSTR/HOUSE,CONTRIBUTION,175.00,3.50,,
01/09/2013,FID REAL ESTATE INC,CONTRIBUTION,175.00,15.15,,
01/03/2013,FIMM MONEY MKT INST,Exchanges,-10000.00,-10000.00,,
01/03/2013,FID SEL BIOTECH,Exchanges,10000.00,87.73,,
