"Date","Type","Transaction ID","Received Quantity","Received Currency","Received Currency Balance","Received Cost Basis (USD)","Received Wallet","Received Address","Received Tag","Received Comment","Sent Quantity","Sent Currency","Sent Currency Balance","Sent Cost Basis (USD)","Sent Wallet","Sent Address","Sent Tag","Sent Comment","Fee Amount","Fee Currency","Realized Return (USD)","Disabled"
02/05/2018 18:11:17,Buy,,0.35014925,BTC,...,...,Coinbase - BTC Wallet,,,Bought Bitcoin Using Bank of America - BofA... ********6952,2500.00,USD,...,...,Coinbase - USD Wallet,,,Bought Bitcoin Using Bank of America - BofA... ********6952,36.70,USD,...,
02/14/2018 12:12:13,Buy,,3.00000000,ETH,...,...,Coinbase - ETH Wallet,,,Bought Ethereum Using Bank of America - BofA... ********6952,2696.89,USD,...,...,Coinbase - USD Wallet,,,Bought Ethereum Using Bank of America - BofA... ********6952,39.59,USD,...,
07/19/2018 11:14:10,Buy,,5.00000000,ETH,...,...,Coinbase - ETH Wallet,,,Bought Ethereum Using Bank of America - BofA... ********6952,2432.85,USD,...,...,Coinbase - USD Wallet,,,Bought Ethereum Using Bank of America - BofA... ********6952,35.72,USD,...,
11/15/2018 17:46:25,Buy,,8.00000000,ETH,...,...,Coinbase - ETH Wallet,,,Bought Ethereum Using Bank of America - BofA... ********6952,1434.33,USD,...,...,Coinbase - USD Wallet,,,Bought Ethereum Using Bank of America - BofA... ********6952,21.06,USD,...,
02/08/2019 18:07:37,Buy,,1.00000000,BTC,...,...,Coinbase - BTC Wallet,,,Bought Bitcoin Using Bank of America - BofA... ********6952,3711.39,USD,...,...,Coinbase - USD Wallet,,,Bought Bitcoin Using Bank of America - BofA... ********6952,54.49,USD,...,
04/04/2019 09:55:25,Buy,,16.00000000,ETH,...,...,Coinbase - ETH Wallet,,,Bought Ethereum Using Bank of America - BofA... ********6952,2637.09,USD,...,...,Coinbase - USD Wallet,,,Bought Ethereum Using Bank of America - BofA... ********6952,38.72,USD,...,
05/07/2019 12:29:24,Buy,,60.00000000,LTC,...,...,Coinbase - LTC Wallet,,,Bought Litecoin Using Bank of America - BofA... ********6952,4669.37,USD,...,...,Coinbase - USD Wallet,,,Bought Litecoin Using Bank of America - BofA... ********6952,68.55,USD,...,
06/05/2019 21:01:37,Buy,,40.00000000,LTC,...,...,Coinbase - LTC Wallet,,,Bought Litecoin Using Bank of America - BofA... ********6952,4173.45,USD,...,...,Coinbase - USD Wallet,,,Bought Litecoin Using Bank of America - BofA... ********6952,61.27,USD,...,
06/27/2019 20:11:24,Buy,,0.35000000,BTC,...,...,Coinbase - BTC Wallet,,,Bought Bitcoin Using Bank of America - BofA... ********6952,3811.96,USD,...,...,Coinbase - USD Wallet,,,Bought Bitcoin Using Bank of America - BofA... ********6952,55.96,USD,...,
07/06/2019 13:23:48,Trade,,1.02931709,BTC,...,...,Coinbase - BTC Wallet,,,Converted from Litecoin Using LTC Wallet,100.00000000,LTC,...,...,Coinbase - LTC Wallet,,,Converted from Litecoin Using LTC Wallet,,,...,
08/01/2019 21:00:04,Buy,,0.27053370,BTC,...,...,Coinbase - BTC Wallet,,,Bought Bitcoin Using Bank of America - BofA... ********6952,2873.79,USD,...,...,Coinbase - USD Wallet,,,Bought Bitcoin Using Bank of America - BofA... ********6952,42.19,USD,...,
08/04/2020 18:46:41,Buy,,10.00000000,ETH,...,...,Coinbase - ETH Wallet,,,Bought Ethereum Using Bank of America - BofA... ********6952,3949.04,USD,...,...,Coinbase - USD Wallet,,,Bought Ethereum Using Bank of America - BofA... ********6952,57.98,USD,...,
12/18/2020 16:47:48,Receive,,4.37062937,GRT,...,...,Coinbase - GRT Wallet,,Payment,Received The Graph From Coinbase Earn,,,...,...,,,,,,,...,
12/19/2020 12:10:07,Receive,,2.20750552,GRT,...,...,Coinbase - GRT Wallet,,Payment,Received The Graph From Coinbase Earn,,,...,...,,,,,,,...,
12/19/2020 12:11:03,Receive,,2.19925225,GRT,...,...,Coinbase - GRT Wallet,,Payment,Received The Graph From Coinbase Earn,,,...,...,,,,,,,...,
01/04/2021 21:44:41,Receive,,1.31293901,CELO,1.31293901,2.00,Coinbase - CGLD Wallet,,Payment,Received Celo From Coinbase Earn,,,,,,,,,,,,
01/04/2021 21:45:19,Receive,,1.30872922,CELO,2.62166823,1.99,Coinbase - CGLD Wallet,,Payment,Received Celo From Coinbase Earn,,,,,,,,,,,,
01/04/2021 21:46:43,Receive,,1.30821559,CELO,3.92988382,2.00,Coinbase - CGLD Wallet,,Payment,Received Celo From Coinbase Earn,,,,,,,,,,,,
01/05/2021 16:12:52,Sell,,8.91,USD,,,Coinbase - USD Wallet,,,Sold Celo Using USD Wallet,3.92988382,CELO,0.00000000,5.99,Coinbase - CGLD Wallet,,,Sold Celo Using USD Wallet,1.49,USD,2.92,
01/11/2021 10:31:11,Sell,,8841.98,USD,,,Coinbase - USD Wallet,,,Sold Ethereum Using USD Wallet,8.00000000,ETH,34.00000000,5129.74,Coinbase - ETH Wallet,,,Sold Ethereum Using USD Wallet,133.74,USD,3712.24,
01/11/2021 10:32:19,Sell,,34902.95,USD,,,Coinbase - USD Wallet,,,Sold Bitcoin Using USD Wallet,1.00000000,BTC,2.00000004,11580.49,Coinbase - BTC Wallet,,,Sold Bitcoin Using USD Wallet,527.92,USD,23322.46,
01/14/2021 12:46:46,Transfer,,43753.84,USD,,,Coinbase Pro - USD,,,,43753.84,USD,,,Coinbase - USD Wallet,,,Transferred funds To Coinbase Pro,,,,
01/14/2021 12:59:43,Transfer,,34.00000000,ETH,34.00000000,,Coinbase Pro - ETH,,,,34.00000000,ETH,,,Coinbase - ETH Wallet,,,Transferred Ethereum To Coinbase Pro,,,,
01/14/2021 13:00:27,Transfer,,2.00000000,BTC,2.00000000,,Coinbase Pro - BTC,,,,2.00000000,BTC,0.00000004,,Coinbase - BTC Wallet,,,Transferred Bitcoin To Coinbase Pro,,,,
01/20/2021 00:01:18,Buy,,15.11080637,LTC,15.11080637,2277.95,Coinbase Pro - LTC,,,,2277.95,USD,,,Coinbase Pro - USD,,,,11.33,USD,,
01/20/2021 00:01:18,Buy,,81.61229449,LTC,96.72310086,12303.05,Coinbase Pro - LTC,,,,12303.05,USD,,,Coinbase Pro - USD,,,,61.21,USD,,
01/20/2021 00:01:18,Buy,,1.00000000,LTC,97.72310086,150.75,Coinbase Pro - LTC,,,,150.75,USD,,,Coinbase Pro - USD,,,,0.75,USD,,
01/20/2021 00:01:18,Buy,,1.88679610,LTC,99.60989696,284.43,Coinbase Pro - LTC,,,,284.43,USD,,,Coinbase Pro - USD,,,,1.42,USD,,
01/20/2021 00:01:18,Buy,,0.39010304,LTC,100.00000000,58.81,Coinbase Pro - LTC,,,,58.81,USD,,,Coinbase Pro - USD,,,,0.29,USD,,
01/20/2021 03:38:18,Buy,,0.50000000,BTC,2.50000000,17688.00,Coinbase Pro - BTC,,,,17688.00,USD,,,Coinbase Pro - USD,,,,88.00,USD,,
02/07/2021 15:40:47,Receive,,10000.00,USD,,,Coinbase - USD Wallet,,,Deposited funds From Bank of America - BofA... ********6952,,,,,,,,,,,,
02/07/2021 15:40:49,Transfer,,10000.00,USD,,,Coinbase Pro - USD,,,,10000.00,USD,,,Coinbase - USD Wallet,,,Transferred funds To Coinbase Pro,,,,
02/14/2021 08:01:18,Sell,,8612.72,USD,,,Coinbase Pro - USD,,,,37.44661558,LTC,62.55338442,5645.08,Coinbase Pro - LTC,,,,30.14,USD,2967.64,
02/14/2021 08:01:18,Sell,,345.00,USD,,,Coinbase Pro - USD,,,,1.50000000,LTC,61.05338442,226.12,Coinbase Pro - LTC,,,,1.21,USD,118.88,
02/14/2021 08:01:18,Sell,,345.00,USD,,,Coinbase Pro - USD,,,,1.50000000,LTC,59.55338442,226.12,Coinbase Pro - LTC,,,,1.21,USD,118.88,
02/14/2021 08:01:18,Sell,,7525.99,USD,,,Coinbase Pro - USD,,,,32.72167534,LTC,26.83170908,4932.79,Coinbase Pro - LTC,,,,26.34,USD,2593.19,
02/14/2021 08:01:18,Sell,,1265.00,USD,,,Coinbase Pro - USD,,,,5.50000000,LTC,21.33170908,829.12,Coinbase Pro - LTC,,,,4.43,USD,435.88,
02/14/2021 08:01:18,Sell,,2185.00,USD,,,Coinbase Pro - USD,,,,9.50000000,LTC,11.83170908,1432.12,Coinbase Pro - LTC,,,,7.65,USD,752.88,
02/14/2021 08:01:18,Sell,,2560.34,USD,,,Coinbase Pro - USD,,,,11.13193428,LTC,0.69977480,1678.14,Coinbase Pro - LTC,,,,8.96,USD,882.21,
02/14/2021 08:01:18,Sell,,160.95,USD,,,Coinbase Pro - USD,,,,0.69977480,LTC,0.00000000,105.49,Coinbase Pro - LTC,,,,0.56,USD,55.46,
02/16/2021 20:27:47,Trade,,13.76306400,ALGO,13.76306400,17.75,Coinbase - ALGO Wallet,,,Converted to Algorand Using GRT Wallet,8.77738714,GRT,0.00000000,2.94,Coinbase - GRT Wallet,,,Converted to Algorand Using GRT Wallet,,,14.81,
02/16/2021 21:10:48,Transfer,,20.00000000,ETH,20.00000000,,Coinbase - ETH Wallet,,,Transferred Ethereum From Coinbase Pro,20.00000000,ETH,14.00000000,,Coinbase Pro - ETH,,,,,,,
02/17/2021 12:54:59,Receive,,0.00032400,ALGO,13.76338800,0.00,Coinbase - ALGO Wallet,,,Algorand reward From Coinbase,,,,,,,,,,,,
02/18/2021 12:02:33,Receive,,0.00219700,ALGO,13.76558500,0.00,Coinbase - ALGO Wallet,,,Algorand reward From Coinbase,,,,,,,,,,,,
02/19/2021 12:06:22,Receive,,0.00219800,ALGO,13.76778300,0.00,Coinbase - ALGO Wallet,,,Algorand reward From Coinbase,,,,,,,,,,,,
02/20/2021 12:06:00,Receive,,0.00219800,ALGO,13.76998100,0.00,Coinbase - ALGO Wallet,,,Algorand reward From Coinbase,,,,,,,,,,,,
02/21/2021 11:27:26,Receive,,0.00219800,ALGO,13.77217900,0.00,Coinbase - ALGO Wallet,,,Algorand reward From Coinbase,,,,,,,,,,,,
02/22/2021 14:28:05,Receive,,0.00219900,ALGO,13.77437800,0.00,Coinbase - ALGO Wallet,,,Algorand reward From Coinbase,,,,,,,,,,,,
02/22/2021 22:04:54,Sell,,17195.09,USD,,,Coinbase Pro - USD,,,,0.31263801,BTC,2.18736199,11059.88,Coinbase Pro - BTC,,,,60.18,USD,6135.21,
02/22/2021 22:04:54,Sell,,10304.91,USD,,,Coinbase Pro - USD,,,,0.18736199,BTC,2.00000000,6628.12,Coinbase Pro - BTC,,,,36.07,USD,3676.79,
02/23/2021 13:07:28,Receive,,0.00219900,ALGO,13.77657700,0.00,Coinbase - ALGO Wallet,,,Algorand reward From Coinbase,,,,,,,,,,,,
02/24/2021 11:18:44,Receive,,0.00219900,ALGO,13.77877600,0.00,Coinbase - ALGO Wallet,,,Algorand reward From Coinbase,,,,,,,,,,,,
02/25/2021 14:00:14,Receive,,0.00220000,ALGO,13.78097600,0.00,Coinbase - ALGO Wallet,,,Algorand reward From Coinbase,,,,,,,,,,,,
02/26/2021 14:31:49,Receive,,0.00220000,ALGO,13.78317600,0.00,Coinbase - ALGO Wallet,,,Algorand reward From Coinbase,,,,,,,,,,,,
02/27/2021 10:59:26,Receive,,0.00220000,ALGO,13.78537600,0.00,Coinbase - ALGO Wallet,,,Algorand reward From Coinbase,,,,,,,,,,,,
02/28/2021 11:50:45,Receive,,0.00220100,ALGO,13.78757700,0.00,Coinbase - ALGO Wallet,,,Algorand reward From Coinbase,,,,,,,,,,,,
03/01/2021 10:37:20,Receive,,0.00220100,ALGO,13.78977800,0.00,Coinbase - ALGO Wallet,,,Algorand reward From Coinbase,,,,,,,,,,,,
03/01/2021 12:10:58,Transfer,e17bcb52810267c0a6ebb8b853ae2d401b13f18327f48637cd1639b7e3be9182,0.10003555,BTC,0.10003559,,Coinbase - BTC Wallet,,,Transferred Bitcoin From Coinbase Pro,0.10003555,BTC,1.89996445,,Coinbase Pro - BTC,1Pn7F6yz2Wdt7FTJRr4wQASMYj7pEbTTba,,,0.00003555,BTC,,
03/01/2021 12:10:59,Send,,,,,,,,,,0.10003555,BTC,0.00000004,1109.72,Coinbase - BTC Wallet,1Pn7F6yz2Wdt7FTJRr4wQASMYj7pEbTTba,,Sent Bitcoin To Bitcoin address,0.00003555,BTC,3690.98,
03/02/2021 14:32:23,Receive,,0.00220100,ALGO,13.79197900,0.00,Coinbase - ALGO Wallet,,,Algorand reward From Coinbase,,,,,,,,,,,,
03/03/2021 09:00:22,Sell,,28297.58,USD,,,Coinbase Pro - USD,,,,0.55485450,BTC,1.34510995,5951.51,Coinbase Pro - BTC,,,,42.45,USD,22346.07,
03/03/2021 09:00:22,Sell,,7140.00,USD,,,Coinbase Pro - USD,,,,0.14000000,BTC,1.20510995,999.57,Coinbase Pro - BTC,,,,10.71,USD,6140.43,
03/03/2021 09:00:22,Sell,,2040.00,USD,,,Coinbase Pro - USD,,,,0.04000000,BTC,1.16510995,285.59,Coinbase Pro - BTC,,,,3.06,USD,1754.41,
03/03/2021 09:00:22,Sell,,8420.61,USD,,,Coinbase Pro - USD,,,,0.16511005,BTC,0.99999990,1178.85,Coinbase Pro - BTC,,,,12.63,USD,7241.76,
03/03/2021 12:28:09,Receive,,0.00220200,ALGO,13.79418100,0.00,Coinbase - ALGO Wallet,,,Algorand reward From Coinbase,,,,,,,,,,,,
03/04/2021 10:41:39,Receive,,0.00220200,ALGO,13.79638300,0.00,Coinbase - ALGO Wallet,,,Algorand reward From Coinbase,,,,,,,,,,,,
03/05/2021 00:51:35,Buy,,9.01179982,ETH,23.01179982,13312.34,Coinbase Pro - ETH,,,,13312.34,USD,,,Coinbase Pro - USD,,,,19.94,USD,,
03/05/2021 00:51:36,Buy,,0.48149707,ETH,23.49329689,711.27,Coinbase Pro - ETH,,,,711.27,USD,,,Coinbase Pro - USD,,,,1.07,USD,,
03/05/2021 00:51:36,Buy,,6.50670311,ETH,30.00000000,9611.78,Coinbase Pro - ETH,,,,9611.78,USD,,,Coinbase Pro - USD,,,,14.40,USD,,
03/05/2021 12:32:32,Receive,,0.00220200,ALGO,13.79858500,0.00,Coinbase - ALGO Wallet,,,Algorand reward From Coinbase,,,,,,,,,,,,
03/06/2021 11:08:27,Receive,,0.00220300,ALGO,13.80078800,0.00,Coinbase - ALGO Wallet,,,Algorand reward From Coinbase,,,,,,,,,,,,
03/07/2021 13:36:38,Receive,,0.00220300,ALGO,13.80299100,0.00,Coinbase - ALGO Wallet,,,Algorand reward From Coinbase,,,,,,,,,,,,
03/08/2021 12:54:00,Receive,,0.00220300,ALGO,13.80519400,0.00,Coinbase - ALGO Wallet,,,Algorand reward From Coinbase,,,,,,,,,,,,
03/09/2021 12:59:59,Receive,,0.00220400,ALGO,13.80739800,0.00,Coinbase - ALGO Wallet,,,Algorand reward From Coinbase,,,,,,,,,,,,
03/11/2021 13:57:40,Receive,,0.00220400,ALGO,13.80960200,0.00,Coinbase - ALGO Wallet,,,Algorand reward From Coinbase,,,,,,,,,,,,
03/12/2021 14:08:16,Receive,,0.00220500,ALGO,13.81180700,0.00,Coinbase - ALGO Wallet,,,Algorand reward From Coinbase,,,,,,,,,,,,
03/13/2021 12:27:51,Receive,,0.00220500,ALGO,13.81401200,0.00,Coinbase - ALGO Wallet,,,Algorand reward From Coinbase,,,,,,,,,,,,
03/14/2021 10:46:19,Receive,,0.00220500,ALGO,13.81621700,0.00,Coinbase - ALGO Wallet,,,Algorand reward From Coinbase,,,,,,,,,,,,
03/15/2021 11:18:21,Receive,,0.00220600,ALGO,13.81842300,0.00,Coinbase - ALGO Wallet,,,Algorand reward From Coinbase,,,,,,,,,,,,
03/15/2021 22:44:28,Receive,,0.00220400,ALGO,13.82062700,0.00,Coinbase - ALGO Wallet,,,Algorand reward From Coinbase,,,,,,,,,,,,
03/16/2021 12:48:51,Receive,,0.00220600,ALGO,13.82283300,0.00,Coinbase - ALGO Wallet,,,Algorand reward From Coinbase,,,,,,,,,,,,
03/17/2021 11:50:43,Receive,,0.00220700,ALGO,13.82504000,0.00,Coinbase - ALGO Wallet,,,Algorand reward From Coinbase,,,,,,,,,,,,
03/18/2021 11:54:54,Receive,,0.00220700,ALGO,13.82724700,0.00,Coinbase - ALGO Wallet,,,Algorand reward From Coinbase,,,,,,,,,,,,
03/19/2021 12:19:16,Receive,,0.00220700,ALGO,13.82945400,0.00,Coinbase - ALGO Wallet,,,Algorand reward From Coinbase,,,,,,,,,,,,
03/20/2021 11:46:42,Receive,,0.00220800,ALGO,13.83166200,0.00,Coinbase - ALGO Wallet,,,Algorand reward From Coinbase,,,,,,,,,,,,
03/21/2021 10:35:57,Receive,,0.00220800,ALGO,13.83387000,0.00,Coinbase - ALGO Wallet,,,Algorand reward From Coinbase,,,,,,,,,,,,
03/22/2021 13:23:05,Receive,,0.00220800,ALGO,13.83607800,0.00,Coinbase - ALGO Wallet,,,Algorand reward From Coinbase,,,,,,,,,,,,
03/23/2021 10:37:33,Receive,,0.00220900,ALGO,13.83828700,0.00,Coinbase - ALGO Wallet,,,Algorand reward From Coinbase,,,,,,,,,,,,
03/24/2021 13:57:37,Receive,,0.00220900,ALGO,13.84049600,0.00,Coinbase - ALGO Wallet,,,Algorand reward From Coinbase,,,,,,,,,,,,
03/25/2021 13:55:47,Receive,,0.00220900,ALGO,13.84270500,0.00,Coinbase - ALGO Wallet,,,Algorand reward From Coinbase,,,,,,,,,,,,
03/26/2021 13:47:44,Receive,,0.00221000,ALGO,13.84491500,0.00,Coinbase - ALGO Wallet,,,Algorand reward From Coinbase,,,,,,,,,,,,
03/27/2021 12:40:38,Receive,,0.00221000,ALGO,13.84712500,0.00,Coinbase - ALGO Wallet,,,Algorand reward From Coinbase,,,,,,,,,,,,
03/28/2021 13:40:13,Receive,,0.00221100,ALGO,13.84933600,0.00,Coinbase - ALGO Wallet,,,Algorand reward From Coinbase,,,,,,,,,,,,
03/29/2021 11:55:18,Receive,,0.00221100,ALGO,13.85154700,0.00,Coinbase - ALGO Wallet,,,Algorand reward From Coinbase,,,,,,,,,,,,
03/30/2021 12:36:04,Receive,,0.00221100,ALGO,13.85375800,0.00,Coinbase - ALGO Wallet,,,Algorand reward From Coinbase,,,,,,,,,,,,
03/31/2021 22:00:02,Receive,,0.00221200,ALGO,13.85597000,0.00,Coinbase - ALGO Wallet,,,Algorand reward From Coinbase,,,,,,,,,,,,
04/01/2021 11:24:22,Receive,,0.00221200,ALGO,13.85818200,0.00,Coinbase - ALGO Wallet,,,Algorand reward From Coinbase,,,,,,,,,,,,
04/02/2021 10:39:05,Receive,,0.00221200,ALGO,13.86039400,0.00,Coinbase - ALGO Wallet,,,Algorand reward From Coinbase,,,,,,,,,,,,
04/04/2021 03:19:10,Receive,,0.00221300,ALGO,13.86260700,0.00,Coinbase - ALGO Wallet,,,Algorand reward From Coinbase,,,,,,,,,,,,
04/04/2021 13:52:43,Receive,,0.00221300,ALGO,13.86482000,0.00,Coinbase - ALGO Wallet,,,Algorand reward From Coinbase,,,,,,,,,,,,
04/05/2021 13:22:59,Receive,,0.00221300,ALGO,13.86703300,0.00,Coinbase - ALGO Wallet,,,Algorand reward From Coinbase,,,,,,,,,,,,
04/06/2021 13:43:59,Receive,,0.00221400,ALGO,13.86924700,0.00,Coinbase - ALGO Wallet,,,Algorand reward From Coinbase,,,,,,,,,,,,
04/07/2021 16:12:15,Receive,,0.00221400,ALGO,13.87146100,0.00,Coinbase - ALGO Wallet,,,Algorand reward From Coinbase,,,,,,,,,,,,
04/08/2021 14:31:40,Receive,,0.00221400,ALGO,13.87367500,0.00,Coinbase - ALGO Wallet,,,Algorand reward From Coinbase,,,,,,,,,,,,
04/09/2021 10:54:04,Receive,,0.00221500,ALGO,13.87589000,0.00,Coinbase - ALGO Wallet,,,Algorand reward From Coinbase,,,,,,,,,,,,
04/10/2021 11:56:43,Receive,,0.00221500,ALGO,13.87810500,0.00,Coinbase - ALGO Wallet,,,Algorand reward From Coinbase,,,,,,,,,,,,
04/11/2021 13:56:10,Receive,,0.00221500,ALGO,13.88032000,0.00,Coinbase - ALGO Wallet,,,Algorand reward From Coinbase,,,,,,,,,,,,
04/12/2021 11:07:42,Receive,,0.00221600,ALGO,13.88253600,0.00,Coinbase - ALGO Wallet,,,Algorand reward From Coinbase,,,,,,,,,,,,
04/13/2021 12:58:14,Receive,,0.00221600,ALGO,13.88475200,0.00,Coinbase - ALGO Wallet,,,Algorand reward From Coinbase,,,,,,,,,,,,
04/14/2021 11:40:13,Receive,,0.00221700,ALGO,13.88696900,0.00,Coinbase - ALGO Wallet,,,Algorand reward From Coinbase,,,,,,,,,,,,
04/15/2021 13:04:15,Receive,,0.00221700,ALGO,13.88918600,0.00,Coinbase - ALGO Wallet,,,Algorand reward From Coinbase,,,,,,,,,,,,
04/16/2021 13:34:09,Receive,,0.00221700,ALGO,13.89140300,0.00,Coinbase - ALGO Wallet,,,Algorand reward From Coinbase,,,,,,,,,,,,
04/17/2021 13:47:47,Receive,,0.00221800,ALGO,13.89362100,0.00,Coinbase - ALGO Wallet,,,Algorand reward From Coinbase,,,,,,,,,,,,
04/18/2021 12:43:13,Receive,,0.00221800,ALGO,13.89583900,0.00,Coinbase - ALGO Wallet,,,Algorand reward From Coinbase,,,,,,,,,,,,
04/19/2021 13:41:49,Receive,,0.00221800,ALGO,13.89805700,0.00,Coinbase - ALGO Wallet,,,Algorand reward From Coinbase,,,,,,,,,,,,
04/20/2021 07:37:45,Buy,,0.25000000,BTC,1.24999990,13441.88,Coinbase Pro - BTC,,,,13441.88,USD,,,Coinbase Pro - USD,,,,66.88,USD,,
04/20/2021 10:52:00,Receive,,0.00221900,ALGO,13.90027600,0.00,Coinbase - ALGO Wallet,,,Algorand reward From Coinbase,,,,,,,,,,,,
04/21/2021 10:58:29,Receive,,0.00221900,ALGO,13.90249500,0.00,Coinbase - ALGO Wallet,,,Algorand reward From Coinbase,,,,,,,,,,,,
04/22/2021 14:15:21,Receive,,0.00221900,ALGO,13.90471400,0.00,Coinbase - ALGO Wallet,,,Algorand reward From Coinbase,,,,,,,,,,,,
04/23/2021 13:38:18,Receive,,0.00222000,ALGO,13.90693400,0.00,Coinbase - ALGO Wallet,,,Algorand reward From Coinbase,,,,,,,,,,,,
04/24/2021 11:06:56,Receive,,0.00222000,ALGO,13.90915400,0.00,Coinbase - ALGO Wallet,,,Algorand reward From Coinbase,,,,,,,,,,,,
04/25/2021 12:41:59,Receive,,0.00222000,ALGO,13.91137400,0.00,Coinbase - ALGO Wallet,,,Algorand reward From Coinbase,,,,,,,,,,,,
04/26/2021 12:09:44,Receive,,0.00222100,ALGO,13.91359500,0.00,Coinbase - ALGO Wallet,,,Algorand reward From Coinbase,,,,,,,,,,,,
04/26/2021 17:29:16,Transfer,,16.00000000,ETH,36.00000000,,Coinbase - ETH Wallet,,,Transferred Ethereum From Coinbase Pro,16.00000000,ETH,14.00000000,,Coinbase Pro - ETH,,,,,,,
04/27/2021 11:55:13,Receive,,0.00222100,ALGO,13.91581600,0.00,Coinbase - ALGO Wallet,,,Algorand reward From Coinbase,,,,,,,,,,,,
04/28/2021 10:27:43,Transfer,,4.00000000,ETH,40.00000000,,Coinbase - ETH Wallet,,,Transferred Ethereum From Coinbase Pro,4.00000000,ETH,10.00000000,,Coinbase Pro - ETH,,,,,,,
04/28/2021 11:06:04,Receive,,0.00222200,ALGO,13.91803800,0.00,Coinbase - ALGO Wallet,,,Algorand reward From Coinbase,,,,,,,,,,,,
04/29/2021 12:39:03,Receive,,0.00222200,ALGO,13.92026000,0.00,Coinbase - ALGO Wallet,,,Algorand reward From Coinbase,,,,,,,,,,,,
04/30/2021 12:35:40,Receive,,0.00222200,ALGO,13.92248200,0.00,Coinbase - ALGO Wallet,,,Algorand reward From Coinbase,,,,,,,,,,,,
05/01/2021 12:38:34,Receive,,0.00222300,ALGO,13.92470500,0.00,Coinbase - ALGO Wallet,,,Algorand reward From Coinbase,,,,,,,,,,,,
05/02/2021 13:48:04,Receive,,0.00222300,ALGO,13.92692800,0.00,Coinbase - ALGO Wallet,,,Algorand reward From Coinbase,,,,,,,,,,,,
05/03/2021 12:06:28,Trade,,40.00000000,ETH2,,,Coinbase - ETH2 Wallet,,,Converted to Ethereum 2 Using ETH Wallet,40.00000000,ETH,,,Coinbase - ETH Wallet,,,Converted to Ethereum 2 Using ETH Wallet,,,,
05/03/2021 12:11:14,Receive,,0.00222300,ALGO,13.92915100,0.00,Coinbase - ALGO Wallet,,,Algorand reward From Coinbase,,,,,,,,,,,,
05/04/2021 11:17:53,Receive,,0.00222400,ALGO,13.93137500,0.00,Coinbase - ALGO Wallet,,,Algorand reward From Coinbase,,,,,,,,,,,,
05/05/2021 13:27:40,Receive,,0.00222400,ALGO,13.93359900,0.00,Coinbase - ALGO Wallet,,,Algorand reward From Coinbase,,,,,,,,,,,,
05/06/2021 12:00:14,Receive,,0.00222400,ALGO,13.93582300,0.00,Coinbase - ALGO Wallet,,,Algorand reward From Coinbase,,,,,,,,,,,,
05/07/2021 13:57:44,Receive,,0.00222500,ALGO,13.93804800,0.00,Coinbase - ALGO Wallet,,,Algorand reward From Coinbase,,,,,,,,,,,,
05/08/2021 12:16:29,Receive,,0.00222500,ALGO,13.94027300,0.00,Coinbase - ALGO Wallet,,,Algorand reward From Coinbase,,,,,,,,,,,,
05/09/2021 12:25:18,Receive,,0.00222500,ALGO,13.94249800,0.00,Coinbase - ALGO Wallet,,,Algorand reward From Coinbase,,,,,,,,,,,,
05/10/2021 14:15:32,Receive,,0.00222600,ALGO,13.94472400,0.00,Coinbase - ALGO Wallet,,,Algorand reward From Coinbase,,,,,,,,,,,,
05/11/2021 11:38:12,Receive,,0.00222600,ALGO,13.94695000,0.00,Coinbase - ALGO Wallet,,,Algorand reward From Coinbase,,,,,,,,,,,,
05/12/2021 10:48:12,Receive,,0.00222600,ALGO,13.94917600,0.00,Coinbase - ALGO Wallet,,,Algorand reward From Coinbase,,,,,,,,,,,,
05/13/2021 00:02:53,Buy,,0.25000000,BTC,1.49999990,11791.12,Coinbase Pro - BTC,,,,11791.12,USD,,,Coinbase Pro - USD,,,,41.12,USD,,
05/13/2021 14:08:03,Receive,,0.00222700,ALGO,13.95140300,0.00,Coinbase - ALGO Wallet,,,Algorand reward From Coinbase,,,,,,,,,,,,
05/14/2021 12:01:22,Receive,,0.00222700,ALGO,13.95363000,0.00,Coinbase - ALGO Wallet,,,Algorand reward From Coinbase,,,,,,,,,,,,
05/15/2021 12:47:39,Receive,,0.00222800,ALGO,13.95585800,0.00,Coinbase - ALGO Wallet,,,Algorand reward From Coinbase,,,,,,,,,,,,
05/16/2021 14:15:49,Receive,,0.00222800,ALGO,13.95808600,0.00,Coinbase - ALGO Wallet,,,Algorand reward From Coinbase,,,,,,,,,,,,
05/17/2021 12:20:30,Receive,,0.00222800,ALGO,13.96031400,0.00,Coinbase - ALGO Wallet,,,Algorand reward From Coinbase,,,,,,,,,,,,
05/18/2021 11:33:39,Receive,,0.00222900,ALGO,13.96254300,0.00,Coinbase - ALGO Wallet,,,Algorand reward From Coinbase,,,,,,,,,,,,
05/19/2021 12:32:44,Receive,,0.00222900,ALGO,13.96477200,0.00,Coinbase - ALGO Wallet,,,Algorand reward From Coinbase,,,,,,,,,,,,
05/19/2021 12:52:10,Buy,,5.00000000,ETH,15.00000000,11038.50,Coinbase Pro - ETH,,,,11038.50,USD,,,Coinbase Pro - USD,,,,38.50,USD,,
05/19/2021 12:53:33,Buy,,0.30000000,BTC,1.79999990,10235.70,Coinbase Pro - BTC,,,,10235.70,USD,,,Coinbase Pro - USD,,,,35.70,USD,,
05/20/2021 11:10:25,Receive,,0.00222900,ALGO,13.96700100,0.00,Coinbase - ALGO Wallet,,,Algorand reward From Coinbase,,,,,,,,,,,,
05/21/2021 13:07:29,Receive,,0.00223000,ALGO,13.96923100,0.00,Coinbase - ALGO Wallet,,,Algorand reward From Coinbase,,,,,,,,,,,,
05/22/2021 00:01:12,Sell,,11250.00,USD,,,Coinbase Pro - USD,,,,0.30000000,BTC,1.49999990,15800.10,Coinbase Pro - BTC,,,,39.38,USD,-4550.10,
05/22/2021 11:32:06,Receive,,0.00223000,ALGO,13.97146100,0.00,Coinbase - ALGO Wallet,,,Algorand reward From Coinbase,,,,,,,,,,,,
05/23/2021 10:44:04,Buy,,0.56192145,ETH,15.56192145,1222.84,Coinbase Pro - ETH,,,,1222.84,USD,,,Coinbase Pro - USD,,,,4.27,USD,,
05/23/2021 10:44:04,Buy,,0.55387210,ETH,16.11579355,1205.51,Coinbase Pro - ETH,,,,1205.51,USD,,,Coinbase Pro - USD,,,,4.20,USD,,
05/23/2021 10:44:04,Buy,,1.60000000,ETH,17.71579355,3482.71,Coinbase Pro - ETH,,,,3482.71,USD,,,Coinbase Pro - USD,,,,12.15,USD,,
05/23/2021 10:44:04,Buy,,0.39000000,ETH,18.10579355,848.95,Coinbase Pro - ETH,,,,848.95,USD,,,Coinbase Pro - USD,,,,2.96,USD,,
05/23/2021 10:44:04,Buy,,5.16000000,ETH,23.26579355,11232.35,Coinbase Pro - ETH,,,,11232.35,USD,,,Coinbase Pro - USD,,,,39.18,USD,,
05/23/2021 10:44:04,Buy,,1.73420645,ETH,25.00000000,3775.20,Coinbase Pro - ETH,,,,3775.20,USD,,,Coinbase Pro - USD,,,,13.17,USD,,
05/23/2021 12:48:28,Receive,,0.00223000,ALGO,13.97369100,0.00,Coinbase - ALGO Wallet,,,Algorand reward From Coinbase,,,,,,,,,,,,
05/24/2021 07:59:08,Sell,,4056.82,USD,,,Coinbase Pro - USD,,,,1.76383614,ETH,23.23616386,3894.02,Coinbase Pro - ETH,,,,6.09,USD,162.80,
05/24/2021 07:59:08,Sell,,5496.17,USD,,,Coinbase Pro - USD,,,,2.38963759,ETH,20.84652627,5275.60,Coinbase Pro - ETH,,,,8.24,USD,220.56,
05/24/2021 07:59:08,Sell,,1441.00,USD,,,Coinbase Pro - USD,,,,0.62651961,ETH,20.22000666,1383.17,Coinbase Pro - ETH,,,,2.16,USD,57.83,
05/24/2021 07:59:08,Sell,,3450.00,USD,,,Coinbase Pro - USD,,,,1.50000000,ETH,18.72000666,3272.13,Coinbase Pro - ETH,,,,5.17,USD,177.87,
05/24/2021 07:59:08,Sell,,5650.00,USD,,,Coinbase Pro - USD,,,,2.45652131,ETH,16.26348535,5347.43,Coinbase Pro - ETH,,,,8.47,USD,302.57,
05/24/2021 07:59:08,Sell,,1315.67,USD,,,Coinbase Pro - USD,,,,0.57202895,ETH,15.69145640,1245.20,Coinbase Pro - ETH,,,,1.97,USD,70.47,
05/24/2021 07:59:08,Sell,,3130.13,USD,,,Coinbase Pro - USD,,,,1.36092607,ETH,14.33053033,2962.48,Coinbase Pro - ETH,,,,4.70,USD,167.65,
05/24/2021 07:59:08,Sell,,1356.65,USD,,,Coinbase Pro - USD,,,,0.58984860,ETH,13.74068173,1283.99,Coinbase Pro - ETH,,,,2.03,USD,72.66,
05/24/2021 07:59:08,Sell,,1479.63,USD,,,Coinbase Pro - USD,,,,0.64331862,ETH,13.09736311,1400.38,Coinbase Pro - ETH,,,,2.22,USD,79.25,
05/24/2021 07:59:08,Sell,,11856.60,USD,,,Coinbase Pro - USD,,,,5.15504467,ETH,7.94231844,9781.30,Coinbase Pro - ETH,,,,17.78,USD,2075.30,
05/24/2021 07:59:08,Sell,,5923.06,USD,,,Coinbase Pro - USD,,,,2.57524192,ETH,5.36707652,3804.18,Coinbase Pro - ETH,,,,8.88,USD,2118.88,
05/24/2021 07:59:08,Sell,,844.28,USD,,,Coinbase Pro - USD,,,,0.36707652,ETH,5.00000000,542.25,Coinbase Pro - ETH,,,,1.27,USD,302.03,
05/24/2021 12:58:01,Receive,,0.00223100,ALGO,13.97592200,0.00,Coinbase - ALGO Wallet,,,Algorand reward From Coinbase,,,,,,,,,,,,
05/25/2021 14:29:21,Receive,,0.00223100,ALGO,13.97815300,0.00,Coinbase - ALGO Wallet,,,Algorand reward From Coinbase,,,,,,,,,,,,
05/26/2021 12:15:20,Receive,,0.00223100,ALGO,13.98038400,0.00,Coinbase - ALGO Wallet,,,Algorand reward From Coinbase,,,,,,,,,,,,
05/27/2021 11:16:53,Receive,,0.00223200,ALGO,13.98261600,0.00,Coinbase - ALGO Wallet,,,Algorand reward From Coinbase,,,,,,,,,,,,
05/28/2021 14:35:25,Receive,,0.00223200,ALGO,13.98484800,0.00,Coinbase - ALGO Wallet,,,Algorand reward From Coinbase,,,,,,,,,,,,
05/29/2021 14:01:42,Receive,,0.00223200,ALGO,13.98708000,0.00,Coinbase - ALGO Wallet,,,Algorand reward From Coinbase,,,,,,,,,,,,
05/30/2021 11:27:13,Receive,,0.00223300,ALGO,13.98931300,0.00,Coinbase - ALGO Wallet,,,Algorand reward From Coinbase,,,,,,,,,,,,
05/31/2021 12:25:37,Receive,,0.00223300,ALGO,13.99154600,0.00,Coinbase - ALGO Wallet,,,Algorand reward From Coinbase,,,,,,,,,,,,
06/01/2021 12:07:34,Receive,,0.00223400,ALGO,13.99378000,0.00,Coinbase - ALGO Wallet,,,Algorand reward From Coinbase,,,,,,,,,,,,
06/02/2021 12:39:46,Receive,,0.00223400,ALGO,13.99601400,0.00,Coinbase - ALGO Wallet,,,Algorand reward From Coinbase,,,,,,,,,,,,
06/03/2021 14:28:38,Receive,,0.00223400,ALGO,13.99824800,0.00,Coinbase - ALGO Wallet,,,Algorand reward From Coinbase,,,,,,,,,,,,
06/04/2021 13:18:36,Receive,,0.00223500,ALGO,14.00048300,0.00,Coinbase - ALGO Wallet,,,Algorand reward From Coinbase,,,,,,,,,,,,
06/05/2021 11:05:15,Receive,,0.00223500,ALGO,14.00271800,0.00,Coinbase - ALGO Wallet,,,Algorand reward From Coinbase,,,,,,,,,,,,
06/06/2021 13:44:15,Receive,,0.00223500,ALGO,14.00495300,0.00,Coinbase - ALGO Wallet,,,Algorand reward From Coinbase,,,,,,,,,,,,
06/07/2021 13:41:32,Receive,,0.00223600,ALGO,14.00718900,0.00,Coinbase - ALGO Wallet,,,Algorand reward From Coinbase,,,,,,,,,,,,
06/08/2021 02:52:15,Buy,,0.50000000,BTC,1.99999990,16266.25,Coinbase Pro - BTC,,,,16266.25,USD,,,Coinbase Pro - USD,,,,16.25,USD,,
06/08/2021 02:52:16,Buy,,100.00000000,LTC,100.00000000,15515.50,Coinbase Pro - LTC,,,,15515.50,USD,,,Coinbase Pro - USD,,,,15.50,USD,,
06/08/2021 11:39:29,Receive,,0.00223600,ALGO,14.00942500,0.00,Coinbase - ALGO Wallet,,,Algorand reward From Coinbase,,,,,,,,,,,,
06/09/2021 13:44:09,Receive,,0.00223600,ALGO,14.01166100,0.00,Coinbase - ALGO Wallet,,,Algorand reward From Coinbase,,,,,,,,,,,,
06/10/2021 14:37:40,Receive,,0.00223700,ALGO,14.01389800,0.00,Coinbase - ALGO Wallet,,,Algorand reward From Coinbase,,,,,,,,,,,,
06/11/2021 12:06:12,Receive,,0.00223700,ALGO,14.01613500,0.00,Coinbase - ALGO Wallet,,,Algorand reward From Coinbase,,,,,,,,,,,,
06/12/2021 11:19:04,Receive,,0.00223800,ALGO,14.01837300,0.00,Coinbase - ALGO Wallet,,,Algorand reward From Coinbase,,,,,,,,,,,,
06/13/2021 13:07:01,Receive,,0.00223800,ALGO,14.02061100,0.00,Coinbase - ALGO Wallet,,,Algorand reward From Coinbase,,,,,,,,,,,,
06/14/2021 12:28:46,Receive,,0.00223800,ALGO,14.02284900,0.00,Coinbase - ALGO Wallet,,,Algorand reward From Coinbase,,,,,,,,,,,,
06/14/2021 14:52:57,Sell,,1573.80,USD,,,Coinbase Pro - USD,,,,8.99311708,LTC,91.00688292,1395.33,Coinbase Pro - LTC,,,,1.57,USD,178.47,
06/14/2021 14:52:57,Sell,,4550.00,USD,,,Coinbase Pro - USD,,,,26.00000000,LTC,65.00688292,4034.03,Coinbase Pro - LTC,,,,4.55,USD,515.97,
06/14/2021 14:52:57,Sell,,350.00,USD,,,Coinbase Pro - USD,,,,2.00000000,LTC,63.00688292,310.31,Coinbase Pro - LTC,,,,0.35,USD,39.69,
06/14/2021 14:52:57,Sell,,175.00,USD,,,Coinbase Pro - USD,,,,1.00000000,LTC,62.00688292,155.16,Coinbase Pro - LTC,,,,0.17,USD,19.84,
06/14/2021 14:52:57,Sell,,1050.00,USD,,,Coinbase Pro - USD,,,,6.00000000,LTC,56.00688292,930.93,Coinbase Pro - LTC,,,,1.05,USD,119.07,
06/14/2021 14:52:57,Sell,,2549.10,USD,,,Coinbase Pro - USD,,,,14.56626289,LTC,41.44062003,2260.03,Coinbase Pro - LTC,,,,2.55,USD,289.07,
06/14/2021 14:52:57,Sell,,292.94,USD,,,Coinbase Pro - USD,,,,1.67395333,LTC,39.76666670,259.72,Coinbase Pro - LTC,,,,0.29,USD,33.22,
06/14/2021 14:52:57,Sell,,6959.17,USD,,,Coinbase Pro - USD,,,,39.76666670,LTC,0.00000000,6170.00,Coinbase Pro - LTC,,,,6.96,USD,789.17,
06/15/2021 12:46:42,Receive,,0.00223900,ALGO,14.02508800,0.00,Coinbase - ALGO Wallet,,,Algorand reward From Coinbase,,,,,,,,,,,,
06/16/2021 10:40:16,Buy,,10.00000000,ETH,15.00000000,25025.00,Coinbase Pro - ETH,,,,25025.00,USD,,,Coinbase Pro - USD,,,,25.00,USD,,
06/16/2021 13:20:41,Receive,,0.00223900,ALGO,14.02732700,0.00,Coinbase - ALGO Wallet,,,Algorand reward From Coinbase,,,,,,,,,,,,
06/17/2021 12:18:14,Receive,,0.00223900,ALGO,14.02956600,0.00,Coinbase - ALGO Wallet,,,Algorand reward From Coinbase,,,,,,,,,,,,
06/18/2021 12:01:16,Receive,,0.00224000,ALGO,14.03180600,0.00,Coinbase - ALGO Wallet,,,Algorand reward From Coinbase,,,,,,,,,,,,
06/19/2021 12:46:20,Receive,,0.00224000,ALGO,14.03404600,0.00,Coinbase - ALGO Wallet,,,Algorand reward From Coinbase,,,,,,,,,,,,
06/20/2021 11:35:12,Receive,,0.00224000,ALGO,14.03628600,0.00,Coinbase - ALGO Wallet,,,Algorand reward From Coinbase,,,,,,,,,,,,
06/21/2021 03:40:08,Buy,,18.87244236,LTC,18.87244236,2833.70,Coinbase Pro - LTC,,,,2833.70,USD,,,Coinbase Pro - USD,,,,2.83,USD,,
06/21/2021 03:40:08,Buy,,14.71000000,LTC,33.58244236,2208.71,Coinbase Pro - LTC,,,,2208.71,USD,,,Coinbase Pro - USD,,,,2.21,USD,,
06/21/2021 03:40:08,Buy,,26.37511283,LTC,59.95755519,3960.22,Coinbase Pro - LTC,,,,3960.22,USD,,,Coinbase Pro - USD,,,,3.96,USD,,
06/21/2021 03:40:08,Buy,,25.46139121,LTC,85.41894640,3823.03,Coinbase Pro - LTC,,,,3823.03,USD,,,Coinbase Pro - USD,,,,3.82,USD,,
06/21/2021 03:40:10,Buy,,2.59182821,LTC,88.01077461,389.16,Coinbase Pro - LTC,,,,389.16,USD,,,Coinbase Pro - USD,,,,0.39,USD,,
06/21/2021 03:40:10,Buy,,3.65452474,LTC,91.66529935,548.73,Coinbase Pro - LTC,,,,548.73,USD,,,Coinbase Pro - USD,,,,0.55,USD,,
06/21/2021 03:40:11,Buy,,8.33470065,LTC,100.00000000,1251.46,Coinbase Pro - LTC,,,,1251.46,USD,,,Coinbase Pro - USD,,,,1.25,USD,,
06/21/2021 10:35:53,Sell,,16300.00,USD,,,Coinbase Pro - USD,,,,0.50000000,BTC,1.49999990,19668.60,Coinbase Pro - BTC,,,,16.30,USD,-3368.60,
06/21/2021 12:10:26,Receive,,0.00224100,ALGO,14.03852700,0.00,Coinbase - ALGO Wallet,,,Algorand reward From Coinbase,,,,,,,,,,,,
06/22/2021 11:52:42,Receive,,0.00224100,ALGO,14.04076800,0.00,Coinbase - ALGO Wallet,,,Algorand reward From Coinbase,,,,,,,,,,,,
06/23/2021 13:33:53,Receive,,0.00224100,ALGO,14.04300900,0.00,Coinbase - ALGO Wallet,,,Algorand reward From Coinbase,,,,,,,,,,,,
06/24/2021 13:30:39,Receive,,0.00224200,ALGO,14.04525100,0.00,Coinbase - ALGO Wallet,,,Algorand reward From Coinbase,,,,,,,,,,,,
06/25/2021 13:37:23,Receive,,0.00150900,ALGO,14.04676000,0.00,Coinbase - ALGO Wallet,,,Algorand reward From Coinbase,,,,,,,,,,,,
06/26/2021 11:23:51,Receive,,0.00150900,ALGO,14.04826900,0.00,Coinbase - ALGO Wallet,,,Algorand reward From Coinbase,,,,,,,,,,,,
06/27/2021 11:47:24,Receive,,0.00151000,ALGO,14.04977900,0.00,Coinbase - ALGO Wallet,,,Algorand reward From Coinbase,,,,,,,,,,,,
06/28/2021 12:32:17,Receive,,0.00151000,ALGO,14.05128900,0.00,Coinbase - ALGO Wallet,,,Algorand reward From Coinbase,,,,,,,,,,,,
06/29/2021 13:41:46,Receive,,0.00151000,ALGO,14.05279900,0.00,Coinbase - ALGO Wallet,,,Algorand reward From Coinbase,,,,,,,,,,,,
06/30/2021 13:58:55,Receive,,0.00151000,ALGO,14.05430900,0.00,Coinbase - ALGO Wallet,,,Algorand reward From Coinbase,,,,,,,,,,,,
07/01/2021 14:15:58,Receive,,0.00151000,ALGO,14.05581900,0.00,Coinbase - ALGO Wallet,,,Algorand reward From Coinbase,,,,,,,,,,,,
07/02/2021 01:47:39,Buy,,4.89574212,ETH,19.89574212,10242.33,Coinbase Pro - ETH,,,,10242.33,USD,,,Coinbase Pro - USD,,,,10.23,USD,,
07/02/2021 01:47:39,Buy,,1.04864832,ETH,20.94439044,2193.87,Coinbase Pro - ETH,,,,2193.87,USD,,,Coinbase Pro - USD,,,,2.19,USD,,
07/02/2021 01:47:39,Buy,,3.10000000,ETH,24.04439044,6485.48,Coinbase Pro - ETH,,,,6485.48,USD,,,Coinbase Pro - USD,,,,6.48,USD,,
07/02/2021 01:47:39,Buy,,0.55000000,ETH,24.59439044,1150.65,Coinbase Pro - ETH,,,,1150.65,USD,,,Coinbase Pro - USD,,,,1.15,USD,,
07/02/2021 01:47:39,Buy,,0.05000000,ETH,24.64439044,104.60,Coinbase Pro - ETH,,,,104.60,USD,,,Coinbase Pro - USD,,,,0.10,USD,,
07/02/2021 01:47:39,Buy,,0.35560956,ETH,25.00000000,743.97,Coinbase Pro - ETH,,,,743.97,USD,,,Coinbase Pro - USD,,,,0.74,USD,,
07/02/2021 13:14:29,Receive,,0.00151000,ALGO,14.05732900,0.00,Coinbase - ALGO Wallet,,,Algorand reward From Coinbase,,,,,,,,,,,,
07/03/2021 14:19:44,Receive,,0.00151000,ALGO,14.05883900,0.00,Coinbase - ALGO Wallet,,,Algorand reward From Coinbase,,,,,,,,,,,,
07/04/2021 12:21:49,Receive,,0.00151100,ALGO,14.06035000,0.00,Coinbase - ALGO Wallet,,,Algorand reward From Coinbase,,,,,,,,,,,,
07/05/2021 12:18:03,Receive,,0.00151100,ALGO,14.06186100,0.00,Coinbase - ALGO Wallet,,,Algorand reward From Coinbase,,,,,,,,,,,,
07/06/2021 13:18:39,Receive,,0.00151100,ALGO,14.06337200,0.00,Coinbase - ALGO Wallet,,,Algorand reward From Coinbase,,,,,,,,,,,,
07/07/2021 13:42:50,Receive,,0.00151100,ALGO,14.06488300,0.00,Coinbase - ALGO Wallet,,,Algorand reward From Coinbase,,,,,,,,,,,,
07/08/2021 14:25:23,Receive,,0.00151100,ALGO,14.06639400,0.00,Coinbase - ALGO Wallet,,,Algorand reward From Coinbase,,,,,,,,,,,,
07/09/2021 11:08:42,Receive,,0.00151100,ALGO,14.06790500,0.00,Coinbase - ALGO Wallet,,,Algorand reward From Coinbase,,,,,,,,,,,,
07/10/2021 13:28:29,Receive,,0.00151200,ALGO,14.06941700,0.00,Coinbase - ALGO Wallet,,,Algorand reward From Coinbase,,,,,,,,,,,,
07/11/2021 11:08:44,Receive,,0.00151200,ALGO,14.07092900,0.00,Coinbase - ALGO Wallet,,,Algorand reward From Coinbase,,,,,,,,,,,,
07/12/2021 13:08:22,Receive,,0.00151200,ALGO,14.07244100,0.00,Coinbase - ALGO Wallet,,,Algorand reward From Coinbase,,,,,,,,,,,,
07/13/2021 12:37:24,Buy,,0.06038718,BTC,1.56038708,1965.53,Coinbase Pro - BTC,,,,1965.53,USD,,,Coinbase Pro - USD,,,,2.94,USD,,
07/13/2021 12:37:24,Buy,,0.07883107,BTC,1.63921815,2565.85,Coinbase Pro - BTC,,,,2565.85,USD,,,Coinbase Pro - USD,,,,3.84,USD,,
07/13/2021 12:37:24,Buy,,0.36078175,BTC,1.99999990,11742.99,Coinbase Pro - BTC,,,,11742.99,USD,,,Coinbase Pro - USD,,,,17.59,USD,,
07/13/2021 13:50:53,Receive,,0.00151200,ALGO,14.07395300,0.00,Coinbase - ALGO Wallet,,,Algorand reward From Coinbase,,,,,,,,,,,,
07/14/2021 11:53:26,Receive,,0.00151200,ALGO,14.07546500,0.00,Coinbase - ALGO Wallet,,,Algorand reward From Coinbase,,,,,,,,,,,,
07/14/2021 15:56:30,Sell,,16400.00,USD,,,Coinbase Pro - USD,,,,0.50000000,BTC,1.49999990,16274.38,Coinbase Pro - BTC,,,,16.40,USD,125.62,
07/15/2021 13:38:13,Receive,,0.00151200,ALGO,14.07697700,0.00,Coinbase - ALGO Wallet,,,Algorand reward From Coinbase,,,,,,,,,,,,
07/16/2021 12:06:59,Receive,,0.00151300,ALGO,14.07849000,0.00,Coinbase - ALGO Wallet,,,Algorand reward From Coinbase,,,,,,,,,,,,
07/17/2021 13:02:26,Receive,,0.00151300,ALGO,14.08000300,0.00,Coinbase - ALGO Wallet,,,Algorand reward From Coinbase,,,,,,,,,,,,
07/18/2021 10:48:03,Receive,,0.00151300,ALGO,14.08151600,0.00,Coinbase - ALGO Wallet,,,Algorand reward From Coinbase,,,,,,,,,,,,
07/19/2021 13:35:41,Receive,,0.00151300,ALGO,14.08302900,0.00,Coinbase - ALGO Wallet,,,Algorand reward From Coinbase,,,,,,,,,,,,
07/20/2021 12:02:25,Receive,,0.00151300,ALGO,14.08454200,0.00,Coinbase - ALGO Wallet,,,Algorand reward From Coinbase,,,,,,,,,,,,
07/21/2021 15:26:43,Receive,,0.00151300,ALGO,14.08605500,0.00,Coinbase - ALGO Wallet,,,Algorand reward From Coinbase,,,,,,,,,,,,
07/22/2021 15:41:36,Receive,,0.00151400,ALGO,14.08756900,0.00,Coinbase - ALGO Wallet,,,Algorand reward From Coinbase,,,,,,,,,,,,
07/23/2021 14:33:35,Receive,,0.00151400,ALGO,14.08908300,0.00,Coinbase - ALGO Wallet,,,Algorand reward From Coinbase,,,,,,,,,,,,
07/24/2021 12:16:37,Receive,,0.00151400,ALGO,14.09059700,0.00,Coinbase - ALGO Wallet,,,Algorand reward From Coinbase,,,,,,,,,,,,
07/25/2021 16:47:54,Receive,,0.00151400,ALGO,14.09211100,0.00,Coinbase - ALGO Wallet,,,Algorand reward From Coinbase,,,,,,,,,,,,
07/25/2021 23:35:52,Sell,,2062.34,USD,,,Coinbase Pro - USD,,,,0.94170808,ETH,24.05829192,2356.62,Coinbase Pro - ETH,,,,3.09,USD,-294.28,
07/25/2021 23:35:52,Sell,,1408.67,USD,,,Coinbase Pro - USD,,,,0.64322883,ETH,23.41506309,1609.68,Coinbase Pro - ETH,,,,2.11,USD,-201.01,
07/25/2021 23:35:52,Sell,,1430.92,USD,,,Coinbase Pro - USD,,,,0.65338905,ETH,22.76167404,1635.11,Coinbase Pro - ETH,,,,2.15,USD,-204.18,
07/25/2021 23:35:52,Sell,,5500.52,USD,,,Coinbase Pro - USD,,,,2.51165316,ETH,20.25002088,6285.41,Coinbase Pro - ETH,,,,8.25,USD,-784.89,
07/25/2021 23:35:52,Sell,,5704.98,USD,,,Coinbase Pro - USD,,,,2.60501259,ETH,17.64500829,6519.04,Coinbase Pro - ETH,,,,8.56,USD,-814.07,
07/25/2021 23:35:53,Sell,,995.02,USD,,,Coinbase Pro - USD,,,,0.45434925,ETH,17.19065904,1137.01,Coinbase Pro - ETH,,,,1.49,USD,-141.98,
07/25/2021 23:35:54,Sell,,4797.54,USD,,,Coinbase Pro - USD,,,,2.19065904,ETH,15.00000000,5482.12,Coinbase Pro - ETH,,,,7.20,USD,-684.58,
07/26/2021 13:00:11,Receive,,0.00151400,ALGO,14.09362500,0.00,Coinbase - ALGO Wallet,,,Algorand reward From Coinbase,,,,,,,,,,,,
07/27/2021 10:53:15,Receive,,0.00151400,ALGO,14.09513900,0.00,Coinbase - ALGO Wallet,,,Algorand reward From Coinbase,,,,,,,,,,,,
07/28/2021 15:08:45,Receive,,0.00151500,ALGO,14.09665400,0.00,Coinbase - ALGO Wallet,,,Algorand reward From Coinbase,,,,,,,,,,,,
07/29/2021 18:09:39,Receive,,0.00151500,ALGO,14.09816900,0.00,Coinbase - ALGO Wallet,,,Algorand reward From Coinbase,,,,,,,,,,,,
07/30/2021 13:09:05,Receive,,0.00151500,ALGO,14.09968400,0.00,Coinbase - ALGO Wallet,,,Algorand reward From Coinbase,,,,,,,,,,,,
07/31/2021 11:10:16,Receive,,0.00151500,ALGO,14.10119900,0.00,Coinbase - ALGO Wallet,,,Algorand reward From Coinbase,,,,,,,,,,,,
08/01/2021 12:43:39,Receive,,0.00151500,ALGO,14.10271400,0.00,Coinbase - ALGO Wallet,,,Algorand reward From Coinbase,,,,,,,,,,,,
08/02/2021 18:22:33,Receive,,0.00151500,ALGO,14.10422900,0.00,Coinbase - ALGO Wallet,,,Algorand reward From Coinbase,,,,,,,,,,,,
08/03/2021 05:15:39,Buy,,0.50000000,BTC,1.99999990,19028.50,Coinbase Pro - BTC,,,,19028.50,USD,,,Coinbase Pro - USD,,,,28.50,USD,,
08/03/2021 18:04:05,Receive,,0.00151500,ALGO,14.10574400,0.00,Coinbase - ALGO Wallet,,,Algorand reward From Coinbase,,,,,,,,,,,,
08/04/2021 12:48:55,Receive,,0.00151600,ALGO,14.10726000,0.00,Coinbase - ALGO Wallet,,,Algorand reward From Coinbase,,,,,,,,,,,,
08/05/2021 12:06:16,Receive,,0.00151600,ALGO,14.10877600,0.00,Coinbase - ALGO Wallet,,,Algorand reward From Coinbase,,,,,,,,,,,,
08/06/2021 18:29:43,Receive,,0.00151600,ALGO,14.11029200,0.00,Coinbase - ALGO Wallet,,,Algorand reward From Coinbase,,,,,,,,,,,,
08/07/2021 15:34:41,Sell,,13452.38,USD,,,Coinbase Pro - USD,,,,86.78955138,LTC,13.21044862,13031.45,Coinbase Pro - LTC,,,,20.18,USD,420.93,
08/07/2021 15:34:41,Sell,,2047.62,USD,,,Coinbase Pro - USD,,,,13.21044862,LTC,0.00000000,1983.55,Coinbase Pro - LTC,,,,3.07,USD,64.07,
08/07/2021 17:43:02,Receive,,0.00151600,ALGO,14.11180800,0.00,Coinbase - ALGO Wallet,,,Algorand reward From Coinbase,,,,,,,,,,,,
08/08/2021 16:29:23,Receive,,0.00151600,ALGO,14.11332400,0.00,Coinbase - ALGO Wallet,,,Algorand reward From Coinbase,,,,,,,,,,,,
08/09/2021 13:30:55,Receive,,0.00151600,ALGO,14.11484000,0.00,Coinbase - ALGO Wallet,,,Algorand reward From Coinbase,,,,,,,,,,,,
08/10/2021 17:50:25,Receive,,0.00151700,ALGO,14.11635700,0.00,Coinbase - ALGO Wallet,,,Algorand reward From Coinbase,,,,,,,,,,,,
08/11/2021 17:30:06,Receive,,0.00151700,ALGO,14.11787400,0.00,Coinbase - ALGO Wallet,,,Algorand reward From Coinbase,,,,,,,,,,,,
08/12/2021 10:52:13,Receive,,0.00151700,ALGO,14.11939100,0.00,Coinbase - ALGO Wallet,,,Algorand reward From Coinbase,,,,,,,,,,,,
08/12/2021 22:43:32,Buy,,5.00000000,ETH,20.00000000,15022.50,Coinbase Pro - ETH,,,,15022.50,USD,,,Coinbase Pro - USD,,,,22.50,USD,,
08/13/2021 18:19:20,Receive,,0.00151700,ALGO,14.12090800,0.00,Coinbase - ALGO Wallet,,,Algorand reward From Coinbase,,,,,,,,,,,,
08/14/2021 16:53:02,Receive,,0.00151700,ALGO,14.12242500,0.00,Coinbase - ALGO Wallet,,,Algorand reward From Coinbase,,,,,,,,,,,,
08/15/2021 18:37:19,Receive,,0.00151700,ALGO,14.12394200,0.00,Coinbase - ALGO Wallet,,,Algorand reward From Coinbase,,,,,,,,,,,,
08/16/2021 12:17:50,Receive,,0.00151800,ALGO,14.12546000,0.00,Coinbase - ALGO Wallet,,,Algorand reward From Coinbase,,,,,,,,,,,,
08/17/2021 10:52:06,Receive,,0.00151800,ALGO,14.12697800,0.00,Coinbase - ALGO Wallet,,,Algorand reward From Coinbase,,,,,,,,,,,,
08/18/2021 18:05:12,Receive,,0.00151800,ALGO,14.12849600,0.00,Coinbase - ALGO Wallet,,,Algorand reward From Coinbase,,,,,,,,,,,,
08/19/2021 04:18:43,Buy,,0.05112181,BTC,2.05112171,2252.73,Coinbase Pro - BTC,,,,2252.73,USD,,,Coinbase Pro - USD,,,,3.37,USD,,
08/19/2021 04:18:43,Buy,,0.02063626,BTC,2.07175797,909.36,Coinbase Pro - BTC,,,,909.36,USD,,,Coinbase Pro - USD,,,,1.36,USD,,
08/19/2021 04:18:43,Buy,,0.01986434,BTC,2.09162231,875.34,Coinbase Pro - BTC,,,,875.34,USD,,,Coinbase Pro - USD,,,,1.31,USD,,
08/19/2021 04:18:43,Buy,,0.02046902,BTC,2.11209133,901.99,Coinbase Pro - BTC,,,,901.99,USD,,,Coinbase Pro - USD,,,,1.35,USD,,
08/19/2021 04:18:43,Buy,,0.02116498,BTC,2.13325631,932.66,Coinbase Pro - BTC,,,,932.66,USD,,,Coinbase Pro - USD,,,,1.40,USD,,
08/19/2021 04:18:43,Buy,,0.11674359,BTC,2.24999990,5144.42,Coinbase Pro - BTC,,,,5144.42,USD,,,Coinbase Pro - USD,,,,7.71,USD,,
08/19/2021 13:27:37,Receive,,0.00151800,ALGO,14.13001400,0.00,Coinbase - ALGO Wallet,,,Algorand reward From Coinbase,,,,,,,,,,,,
08/20/2021 18:00:20,Receive,,0.00151800,ALGO,14.13153200,0.00,Coinbase - ALGO Wallet,,,Algorand reward From Coinbase,,,,,,,,,,,,
08/21/2021 18:31:30,Receive,,0.00151800,ALGO,14.13305000,0.00,Coinbase - ALGO Wallet,,,Algorand reward From Coinbase,,,,,,,,,,,,
08/22/2021 12:54:03,Receive,,0.00151900,ALGO,14.13456900,0.00,Coinbase - ALGO Wallet,,,Algorand reward From Coinbase,,,,,,,,,,,,
08/23/2021 13:59:48,Receive,,0.00151900,ALGO,14.13608800,0.00,Coinbase - ALGO Wallet,,,Algorand reward From Coinbase,,,,,,,,,,,,
08/24/2021 12:17:31,Receive,,0.00151900,ALGO,14.13760700,0.00,Coinbase - ALGO Wallet,,,Algorand reward From Coinbase,,,,,,,,,,,,
08/25/2021 16:17:20,Receive,,0.00151900,ALGO,14.13912600,0.00,Coinbase - ALGO Wallet,,,Algorand reward From Coinbase,,,,,,,,,,,,
08/26/2021 17:04:07,Receive,,0.00151900,ALGO,14.14064500,0.00,Coinbase - ALGO Wallet,,,Algorand reward From Coinbase,,,,,,,,,,,,
08/27/2021 12:03:15,Receive,,0.00151900,ALGO,14.14216400,0.00,Coinbase - ALGO Wallet,,,Algorand reward From Coinbase,,,,,,,,,,,,
08/28/2021 12:07:51,Receive,,0.00152000,ALGO,14.14368400,0.00,Coinbase - ALGO Wallet,,,Algorand reward From Coinbase,,,,,,,,,,,,
08/29/2021 16:55:23,Receive,,0.00152000,ALGO,14.14520400,0.00,Coinbase - ALGO Wallet,,,Algorand reward From Coinbase,,,,,,,,,,,,
08/30/2021 16:56:05,Receive,,0.00152000,ALGO,14.14672400,0.00,Coinbase - ALGO Wallet,,,Algorand reward From Coinbase,,,,,,,,,,,,
08/31/2021 13:01:40,Receive,,0.00152000,ALGO,14.14824400,0.00,Coinbase - ALGO Wallet,,,Algorand reward From Coinbase,,,,,,,,,,,,
09/01/2021 13:41:31,Receive,,0.00152000,ALGO,14.14976400,0.00,Coinbase - ALGO Wallet,,,Algorand reward From Coinbase,,,,,,,,,,,,
09/02/2021 11:24:16,Receive,,0.00152000,ALGO,14.15128400,0.00,Coinbase - ALGO Wallet,,,Algorand reward From Coinbase,,,,,,,,,,,,
09/03/2021 16:47:18,Receive,,0.00152100,ALGO,14.15280500,0.00,Coinbase - ALGO Wallet,,,Algorand reward From Coinbase,,,,,,,,,,,,
09/04/2021 14:40:39,Receive,,0.00152100,ALGO,14.15432600,0.00,Coinbase - ALGO Wallet,,,Algorand reward From Coinbase,,,,,,,,,,,,
09/05/2021 11:38:00,Receive,,0.00152100,ALGO,14.15584700,0.00,Coinbase - ALGO Wallet,,,Algorand reward From Coinbase,,,,,,,,,,,,
09/06/2021 16:33:04,Receive,,0.00152100,ALGO,14.15736800,0.00,Coinbase - ALGO Wallet,,,Algorand reward From Coinbase,,,,,,,,,,,,
09/07/2021 11:00:36,Receive,,0.00152100,ALGO,14.15888900,0.00,Coinbase - ALGO Wallet,,,Algorand reward From Coinbase,,,,,,,,,,,,
09/07/2021 15:14:09,Buy,,1500.00000000,ADA,1500.00000000,3311.55,Coinbase Pro - ADA,,,,3311.55,USD,,,Coinbase Pro - USD,,,,11.55,USD,,
09/08/2021 17:56:16,Receive,,0.00152100,ALGO,14.16041000,0.00,Coinbase - ALGO Wallet,,,Algorand reward From Coinbase,,,,,,,,,,,,
09/09/2021 11:28:25,Receive,,0.00152200,ALGO,14.16193200,0.00,Coinbase - ALGO Wallet,,,Algorand reward From Coinbase,,,,,,,,,,,,
09/10/2021 18:25:57,Receive,,0.00152200,ALGO,14.16345400,0.00,Coinbase - ALGO Wallet,,,Algorand reward From Coinbase,,,,,,,,,,,,
09/11/2021 15:07:38,Receive,,0.00152200,ALGO,14.16497600,0.00,Coinbase - ALGO Wallet,,,Algorand reward From Coinbase,,,,,,,,,,,,
09/12/2021 14:56:42,Receive,,0.00152200,ALGO,14.16649800,0.00,Coinbase - ALGO Wallet,,,Algorand reward From Coinbase,,,,,,,,,,,,
09/13/2021 02:13:09,Buy,,50.00000000,SOL,50.00000000,8028.00,Coinbase Pro - SOL,,,,8028.00,USD,,,Coinbase Pro - USD,,,,28.00,USD,,
09/13/2021 16:34:41,Receive,,0.00152200,ALGO,14.16802000,0.00,Coinbase - ALGO Wallet,,,Algorand reward From Coinbase,,,,,,,,,,,,
09/14/2021 17:38:35,Receive,,0.00152200,ALGO,14.16954200,0.00,Coinbase - ALGO Wallet,,,Algorand reward From Coinbase,,,,,,,,,,,,
09/15/2021 11:42:21,Receive,,0.00152300,ALGO,14.17106500,0.00,Coinbase - ALGO Wallet,,,Algorand reward From Coinbase,,,,,,,,,,,,
09/16/2021 17:35:49,Receive,,0.00152300,ALGO,14.17258800,0.00,Coinbase - ALGO Wallet,,,Algorand reward From Coinbase,,,,,,,,,,,,
09/17/2021 16:03:05,Receive,,0.00152300,ALGO,14.17411100,0.00,Coinbase - ALGO Wallet,,,Algorand reward From Coinbase,,,,,,,,,,,,
09/18/2021 13:54:35,Receive,,0.00152300,ALGO,14.17563400,0.00,Coinbase - ALGO Wallet,,,Algorand reward From Coinbase,,,,,,,,,,,,
09/19/2021 16:59:33,Receive,,0.00152300,ALGO,14.17715700,0.00,Coinbase - ALGO Wallet,,,Algorand reward From Coinbase,,,,,,,,,,,,
09/20/2021 13:18:21,Sell,,15250.00,USD,,,Coinbase Pro - USD,,,,5.00000000,ETH,15.00000000,15022.50,Coinbase Pro - ETH,,,,53.38,USD,227.50,
09/21/2021 13:26:12,Receive,,0.00152300,ALGO,14.17868000,0.00,Coinbase - ALGO Wallet,,,Algorand reward From Coinbase,,,,,,,,,,,,
09/22/2021 14:44:49,Receive,,0.00152400,ALGO,14.18020400,0.00,Coinbase - ALGO Wallet,,,Algorand reward From Coinbase,,,,,,,,,,,,
09/23/2021 17:41:50,Receive,,0.00152400,ALGO,14.18172800,0.00,Coinbase - ALGO Wallet,,,Algorand reward From Coinbase,,,,,,,,,,,,
09/24/2021 02:08:32,Receive,,0.00152300,ALGO,14.18325100,0.00,Coinbase - ALGO Wallet,,,Algorand reward From Coinbase,,,,,,,,,,,,
09/24/2021 17:30:09,Receive,,0.00152400,ALGO,14.18477500,0.00,Coinbase - ALGO Wallet,,,Algorand reward From Coinbase,,,,,,,,,,,,
09/25/2021 15:57:04,Receive,,0.00152400,ALGO,14.18629900,0.00,Coinbase - ALGO Wallet,,,Algorand reward From Coinbase,,,,,,,,,,,,
09/26/2021 07:35:17,Buy,,5.00000000,ETH,20.00000000,14049.00,Coinbase Pro - ETH,,,,14049.00,USD,,,Coinbase Pro - USD,,,,49.00,USD,,
09/26/2021 17:02:09,Receive,,0.00152400,ALGO,14.18782300,0.00,Coinbase - ALGO Wallet,,,Algorand reward From Coinbase,,,,,,,,,,,,
09/27/2021 15:56:36,Receive,,0.00152400,ALGO,14.18934700,0.00,Coinbase - ALGO Wallet,,,Algorand reward From Coinbase,,,,,,,,,,,,
09/28/2021 10:55:37,Receive,,0.00152500,ALGO,14.19087200,0.00,Coinbase - ALGO Wallet,,,Algorand reward From Coinbase,,,,,,,,,,,,
09/29/2021 17:07:38,Receive,,0.00152500,ALGO,14.19239700,0.00,Coinbase - ALGO Wallet,,,Algorand reward From Coinbase,,,,,,,,,,,,
09/30/2021 14:13:52,Receive,,0.00152500,ALGO,14.19392200,0.00,Coinbase - ALGO Wallet,,,Algorand reward From Coinbase,,,,,,,,,,,,
10/01/2021 14:18:29,Receive,,0.00152500,ALGO,14.19544700,0.00,Coinbase - ALGO Wallet,,,Algorand reward From Coinbase,,,,,,,,,,,,
10/02/2021 13:00:53,Receive,,0.00152500,ALGO,14.19697200,0.00,Coinbase - ALGO Wallet,,,Algorand reward From Coinbase,,,,,,,,,,,,
10/03/2021 16:38:43,Receive,,0.00152500,ALGO,14.19849700,0.00,Coinbase - ALGO Wallet,,,Algorand reward From Coinbase,,,,,,,,,,,,
10/04/2021 17:26:53,Receive,,0.00152600,ALGO,14.20002300,0.00,Coinbase - ALGO Wallet,,,Algorand reward From Coinbase,,,,,,,,,,,,
10/05/2021 17:16:06,Receive,,0.00152600,ALGO,14.20154900,0.00,Coinbase - ALGO Wallet,,,Algorand reward From Coinbase,,,,,,,,,,,,
10/06/2021 18:41:26,Receive,,0.00152600,ALGO,14.20307500,0.00,Coinbase - ALGO Wallet,,,Algorand reward From Coinbase,,,,,,,,,,,,
10/07/2021 13:29:14,Receive,,0.00152600,ALGO,14.20460100,0.00,Coinbase - ALGO Wallet,,,Algorand reward From Coinbase,,,,,,,,,,,,
10/08/2021 17:23:20,Receive,,0.00152600,ALGO,14.20612700,0.00,Coinbase - ALGO Wallet,,,Algorand reward From Coinbase,,,,,,,,,,,,
10/09/2021 14:12:05,Receive,,0.00152600,ALGO,14.20765300,0.00,Coinbase - ALGO Wallet,,,Algorand reward From Coinbase,,,,,,,,,,,,
10/10/2021 14:43:37,Receive,,0.00152700,ALGO,14.20918000,0.00,Coinbase - ALGO Wallet,,,Algorand reward From Coinbase,,,,,,,,,,,,
10/11/2021 16:53:36,Receive,,0.00152700,ALGO,14.21070700,0.00,Coinbase - ALGO Wallet,,,Algorand reward From Coinbase,,,,,,,,,,,,
10/12/2021 10:51:42,Receive,,6.18718080,XLM,6.18718080,2.00,Coinbase - XLM Wallet,,Payment,Received Stellar Lumens From Coinbase Earn,,,,,,,,,,,,
10/12/2021 10:54:38,Receive,,6.16986880,XLM,12.35704960,2.00,Coinbase - XLM Wallet,,Payment,Received Stellar Lumens From Coinbase Earn,,,,,,,,,,,,
10/12/2021 10:57:02,Receive,,6.16515210,XLM,18.52220170,2.00,Coinbase - XLM Wallet,,Payment,Received Stellar Lumens From Coinbase Earn,,,,,,,,,,,,
10/12/2021 11:00:45,Receive,,6.15520980,XLM,24.67741150,2.00,Coinbase - XLM Wallet,,Payment,Received Stellar Lumens From Coinbase Earn,,,,,,,,,,,,
10/12/2021 11:03:54,Receive,,6.14904040,XLM,30.82645190,2.00,Coinbase - XLM Wallet,,Payment,Received Stellar Lumens From Coinbase Earn,,,,,,,,,,,,
10/12/2021 16:24:52,Receive,,0.00152700,ALGO,14.21223400,0.00,Coinbase - ALGO Wallet,,,Algorand reward From Coinbase,,,,,,,,,,,,
10/13/2021 11:23:20,Receive,,0.00152700,ALGO,14.21376100,0.00,Coinbase - ALGO Wallet,,,Algorand reward From Coinbase,,,,,,,,,,,,
10/14/2021 17:27:39,Receive,,0.00152700,ALGO,14.21528800,0.00,Coinbase - ALGO Wallet,,,Algorand reward From Coinbase,,,,,,,,,,,,
10/15/2021 16:12:24,Receive,,0.00152700,ALGO,14.21681500,0.00,Coinbase - ALGO Wallet,,,Algorand reward From Coinbase,,,,,,,,,,,,
10/16/2021 16:58:10,Receive,,0.00152800,ALGO,14.21834300,0.00,Coinbase - ALGO Wallet,,,Algorand reward From Coinbase,,,,,,,,,,,,
10/17/2021 13:27:25,Receive,,0.00152800,ALGO,14.21987100,0.00,Coinbase - ALGO Wallet,,,Algorand reward From Coinbase,,,,,,,,,,,,
10/18/2021 14:24:10,Receive,,0.00152800,ALGO,14.22139900,0.00,Coinbase - ALGO Wallet,,,Algorand reward From Coinbase,,,,,,,,,,,,
10/19/2021 16:31:01,Receive,,0.00152800,ALGO,14.22292700,0.00,Coinbase - ALGO Wallet,,,Algorand reward From Coinbase,,,,,,,,,,,,
10/20/2021 13:32:57,Receive,,0.00152800,ALGO,14.22445500,0.00,Coinbase - ALGO Wallet,,,Algorand reward From Coinbase,,,,,,,,,,,,
10/21/2021 17:12:57,Receive,,0.00152800,ALGO,14.22598300,0.00,Coinbase - ALGO Wallet,,,Algorand reward From Coinbase,,,,,,,,,,,,
10/22/2021 12:24:46,Receive,,0.00152900,ALGO,14.22751200,0.00,Coinbase - ALGO Wallet,,,Algorand reward From Coinbase,,,,,,,,,,,,
10/23/2021 15:08:14,Receive,,0.00152900,ALGO,14.22904100,0.00,Coinbase - ALGO Wallet,,,Algorand reward From Coinbase,,,,,,,,,,,,
10/24/2021 16:02:58,Receive,,0.00152900,ALGO,14.23057000,0.00,Coinbase - ALGO Wallet,,,Algorand reward From Coinbase,,,,,,,,,,,,
10/25/2021 14:46:41,Receive,,0.00152900,ALGO,14.23209900,0.00,Coinbase - ALGO Wallet,,,Algorand reward From Coinbase,,,,,,,,,,,,
10/26/2021 14:03:31,Receive,,0.00152900,ALGO,14.23362800,0.00,Coinbase - ALGO Wallet,,,Algorand reward From Coinbase,,,,,,,,,,,,
10/27/2021 08:00:16,Buy,,2500.00000000,ADA,4000.00000000,5268.38,Coinbase Pro - ADA,,,,5268.38,USD,,,Coinbase Pro - USD,,,,18.38,USD,,
10/27/2021 11:59:28,Receive,,0.00152900,ALGO,14.23515700,0.00,Coinbase - ALGO Wallet,,,Algorand reward From Coinbase,,,,,,,,,,,,
10/28/2021 13:43:57,Receive,,0.00153000,ALGO,14.23668700,0.00,Coinbase - ALGO Wallet,,,Algorand reward From Coinbase,,,,,,,,,,,,
10/29/2021 16:22:46,Receive,,0.00153000,ALGO,14.23821700,0.00,Coinbase - ALGO Wallet,,,Algorand reward From Coinbase,,,,,,,,,,,,
10/30/2021 16:41:07,Receive,,0.00153000,ALGO,14.23974700,0.00,Coinbase - ALGO Wallet,,,Algorand reward From Coinbase,,,,,,,,,,,,
10/31/2021 15:11:00,Receive,,0.00153000,ALGO,14.24127700,0.00,Coinbase - ALGO Wallet,,,Algorand reward From Coinbase,,,,,,,,,,,,
11/01/2021 13:51:02,Receive,,0.00153000,ALGO,14.24280700,0.00,Coinbase - ALGO Wallet,,,Algorand reward From Coinbase,,,,,,,,,,,,
11/02/2021 14:07:50,Receive,,0.00153000,ALGO,14.24433700,0.00,Coinbase - ALGO Wallet,,,Algorand reward From Coinbase,,,,,,,,,,,,
11/03/2021 16:39:32,Receive,,0.00153100,ALGO,14.24586800,0.00,Coinbase - ALGO Wallet,,,Algorand reward From Coinbase,,,,,,,,,,,,
11/04/2021 17:26:25,Receive,,0.00153100,ALGO,14.24739900,0.00,Coinbase - ALGO Wallet,,,Algorand reward From Coinbase,,,,,,,,,,,,
11/05/2021 17:58:26,Receive,,0.00153100,ALGO,14.24893000,0.00,Coinbase - ALGO Wallet,,,Algorand reward From Coinbase,,,,,,,,,,,,
11/06/2021 18:22:14,Receive,,0.00153100,ALGO,14.25046100,0.00,Coinbase - ALGO Wallet,,,Algorand reward From Coinbase,,,,,,,,,,,,
11/07/2021 14:01:06,Receive,,0.00153100,ALGO,14.25199200,0.00,Coinbase - ALGO Wallet,,,Algorand reward From Coinbase,,,,,,,,,,,,
11/08/2021 11:27:00,Receive,,0.00153100,ALGO,14.25352300,0.00,Coinbase - ALGO Wallet,,,Algorand reward From Coinbase,,,,,,,,,,,,
11/09/2021 12:54:30,Receive,,0.00153200,ALGO,14.25505500,0.00,Coinbase - ALGO Wallet,,,Algorand reward From Coinbase,,,,,,,,,,,,
11/10/2021 13:08:10,Receive,,10000.00,USD,,,Coinbase - USD Wallet,,,Deposited funds From Bank of America - BofA... ********6952,,,,,,,,,,,,
11/10/2021 13:08:12,Transfer,,10000.00,USD,,,Coinbase Pro - USD,,,,10000.00,USD,,,Coinbase - USD Wallet,,,Transferred funds To Coinbase Pro,,,,
11/10/2021 18:04:23,Receive,,0.00153200,ALGO,14.25658700,0.00,Coinbase - ALGO Wallet,,,Algorand reward From Coinbase,,,,,,,,,,,,
11/10/2021 21:20:40,Buy,,20.00000000,SOL,70.00000000,4522.50,Coinbase Pro - SOL,,,,4522.50,USD,,,Coinbase Pro - USD,,,,22.50,USD,,
11/11/2021 12:51:12,Receive,,0.00153200,ALGO,14.25811900,0.00,Coinbase - ALGO Wallet,,,Algorand reward From Coinbase,,,,,,,,,,,,
11/12/2021 14:12:13,Receive,,0.00153200,ALGO,14.25965100,0.00,Coinbase - ALGO Wallet,,,Algorand reward From Coinbase,,,,,,,,,,,,
11/13/2021 17:16:04,Receive,,0.00153200,ALGO,14.26118300,0.00,Coinbase - ALGO Wallet,,,Algorand reward From Coinbase,,,,,,,,,,,,
11/14/2021 15:46:51,Receive,,0.00153200,ALGO,14.26271500,0.00,Coinbase - ALGO Wallet,,,Algorand reward From Coinbase,,,,,,,,,,,,
11/15/2021 13:57:34,Receive,,0.00153300,ALGO,14.26424800,0.00,Coinbase - ALGO Wallet,,,Algorand reward From Coinbase,,,,,,,,,,,,
11/16/2021 11:59:17,Receive,,0.00153300,ALGO,14.26578100,0.00,Coinbase - ALGO Wallet,,,Algorand reward From Coinbase,,,,,,,,,,,,
11/17/2021 17:55:18,Receive,,0.00153300,ALGO,14.26731400,0.00,Coinbase - ALGO Wallet,,,Algorand reward From Coinbase,,,,,,,,,,,,
11/18/2021 12:37:42,Receive,,0.00153300,ALGO,14.26884700,0.00,Coinbase - ALGO Wallet,,,Algorand reward From Coinbase,,,,,,,,,,,,
11/19/2021 16:19:13,Receive,,0.00153300,ALGO,14.27038000,0.00,Coinbase - ALGO Wallet,,,Algorand reward From Coinbase,,,,,,,,,,,,
11/20/2021 14:14:38,Receive,,0.00153300,ALGO,14.27191300,0.00,Coinbase - ALGO Wallet,,,Algorand reward From Coinbase,,,,,,,,,,,,
11/21/2021 12:12:08,Receive,,0.00153400,ALGO,14.27344700,0.00,Coinbase - ALGO Wallet,,,Algorand reward From Coinbase,,,,,,,,,,,,
11/22/2021 11:22:21,Receive,,0.00153400,ALGO,14.27498100,0.00,Coinbase - ALGO Wallet,,,Algorand reward From Coinbase,,,,,,,,,,,,
11/23/2021 15:19:43,Receive,,0.00153400,ALGO,14.27651500,0.00,Coinbase - ALGO Wallet,,,Algorand reward From Coinbase,,,,,,,,,,,,
11/24/2021 01:28:52,Buy,,2000.00000000,ADA,6000.00000000,3457.20,Coinbase Pro - ADA,,,,3457.20,USD,,,Coinbase Pro - USD,,,,17.20,USD,,
11/24/2021 14:49:01,Receive,,0.00153400,ALGO,14.27804900,0.00,Coinbase - ALGO Wallet,,,Algorand reward From Coinbase,,,,,,,,,,,,
11/25/2021 13:01:43,Receive,,0.00153400,ALGO,14.27958300,0.00,Coinbase - ALGO Wallet,,,Algorand reward From Coinbase,,,,,,,,,,,,
11/26/2021 13:23:10,Receive,,0.00153400,ALGO,14.28111700,0.00,Coinbase - ALGO Wallet,,,Algorand reward From Coinbase,,,,,,,,,,,,
11/27/2021 16:18:17,Receive,,0.00153500,ALGO,14.28265200,0.00,Coinbase - ALGO Wallet,,,Algorand reward From Coinbase,,,,,,,,,,,,
11/28/2021 13:05:30,Receive,,0.00153500,ALGO,14.28418700,0.00,Coinbase - ALGO Wallet,,,Algorand reward From Coinbase,,,,,,,,,,,,
11/29/2021 12:15:02,Receive,,0.00153500,ALGO,14.28572200,0.00,Coinbase - ALGO Wallet,,,Algorand reward From Coinbase,,,,,,,,,,,,
11/30/2021 13:47:43,Receive,,0.00153500,ALGO,14.28725700,0.00,Coinbase - ALGO Wallet,,,Algorand reward From Coinbase,,,,,,,,,,,,
12/01/2021 17:26:13,Receive,,0.00153500,ALGO,14.28879200,0.00,Coinbase - ALGO Wallet,,,Algorand reward From Coinbase,,,,,,,,,,,,
12/02/2021 13:06:56,Receive,,0.00153500,ALGO,14.29032700,0.00,Coinbase - ALGO Wallet,,,Algorand reward From Coinbase,,,,,,,,,,,,
12/03/2021 12:19:20,Receive,,0.00153600,ALGO,14.29186300,0.00,Coinbase - ALGO Wallet,,,Algorand reward From Coinbase,,,,,,,,,,,,
12/04/2021 05:28:57,Buy,,12.00000000,SOL,82.00000000,2170.80,Coinbase Pro - SOL,,,,2170.80,USD,,,Coinbase Pro - USD,,,,10.80,USD,,
12/04/2021 11:03:56,Receive,,0.00153600,ALGO,14.29339900,0.00,Coinbase - ALGO Wallet,,,Algorand reward From Coinbase,,,,,,,,,,,,
12/05/2021 18:36:58,Receive,,0.00153600,ALGO,14.29493500,0.00,Coinbase - ALGO Wallet,,,Algorand reward From Coinbase,,,,,,,,,,,,
12/06/2021 14:03:39,Receive,,0.00153600,ALGO,14.29647100,0.00,Coinbase - ALGO Wallet,,,Algorand reward From Coinbase,,,,,,,,,,,,
12/07/2021 15:28:15,Receive,,0.00153600,ALGO,14.29800700,0.00,Coinbase - ALGO Wallet,,,Algorand reward From Coinbase,,,,,,,,,,,,
12/08/2021 16:55:17,Receive,,0.00153600,ALGO,14.29954300,0.00,Coinbase - ALGO Wallet,,,Algorand reward From Coinbase,,,,,,,,,,,,
12/09/2021 14:10:02,Receive,,0.00153600,ALGO,14.30107900,0.00,Coinbase - ALGO Wallet,,,Algorand reward From Coinbase,,,,,,,,,,,,
12/10/2021 15:27:47,Receive,,0.00153700,ALGO,14.30261600,0.00,Coinbase - ALGO Wallet,,,Algorand reward From Coinbase,,,,,,,,,,,,
12/14/2021 00:30:52,Receive,,0.00153700,ALGO,14.30415300,0.00,Coinbase - ALGO Wallet,,,Algorand reward From Coinbase,,,,,,,,,,,,
12/14/2021 07:33:49,Receive,,0.00153700,ALGO,14.30569000,0.00,Coinbase - ALGO Wallet,,,Algorand reward From Coinbase,,,,,,,,,,,,
12/14/2021 13:15:25,Receive,,30000.00,USD,,,Coinbase - USD Wallet,,,Deposited funds From Bank of America - BofA... ********6952,,,,,,,,,,,,
12/14/2021 13:15:27,Transfer,,30000.00,USD,,,Coinbase Pro - USD,,,,30000.00,USD,,,Coinbase - USD Wallet,,,Transferred funds To Coinbase Pro,,,,
12/14/2021 17:26:32,Receive,,0.00153700,ALGO,14.30722700,0.00,Coinbase - ALGO Wallet,,,Algorand reward From Coinbase,,,,,,,,,,,,
12/15/2021 03:00:13,Receive,,0.00153700,ALGO,14.30876400,0.00,Coinbase - ALGO Wallet,,,Algorand reward From Coinbase,,,,,,,,,,,,
12/15/2021 11:46:58,Receive,,0.00153700,ALGO,14.31030100,0.00,Coinbase - ALGO Wallet,,,Algorand reward From Coinbase,,,,,,,,,,,,
12/15/2021 16:01:16,Buy,,5.00000000,ETH,25.00000000,18341.25,Coinbase Pro - ETH,,,,18341.25,USD,,,Coinbase Pro - USD,,,,91.25,USD,,
12/16/2021 13:20:07,Receive,,0.00153800,ALGO,14.31183900,0.00,Coinbase - ALGO Wallet,,,Algorand reward From Coinbase,,,,,,,,,,,,
12/17/2021 14:53:34,Receive,,0.00153800,ALGO,14.31337700,0.00,Coinbase - ALGO Wallet,,,Algorand reward From Coinbase,,,,,,,,,,,,
12/18/2021 18:36:37,Receive,,0.00153800,ALGO,14.31491500,0.00,Coinbase - ALGO Wallet,,,Algorand reward From Coinbase,,,,,,,,,,,,
12/19/2021 14:08:09,Receive,,0.00153800,ALGO,14.31645300,0.00,Coinbase - ALGO Wallet,,,Algorand reward From Coinbase,,,,,,,,,,,,
12/21/2021 09:43:50,Receive,,0.00153800,ALGO,14.31799100,0.00,Coinbase - ALGO Wallet,,,Algorand reward From Coinbase,,,,,,,,,,,,
12/22/2021 06:32:19,Receive,,0.00153800,ALGO,14.31952900,0.00,Coinbase - ALGO Wallet,,,Algorand reward From Coinbase,,,,,,,,,,,,
12/22/2021 21:29:35,Receive,,0.00153900,ALGO,14.32106800,0.00,Coinbase - ALGO Wallet,,,Algorand reward From Coinbase,,,,,,,,,,,,
12/23/2021 20:16:18,Receive,,0.00153900,ALGO,14.32260700,0.00,Coinbase - ALGO Wallet,,,Algorand reward From Coinbase,,,,,,,,,,,,
12/24/2021 14:00:53,Receive,,0.00153900,ALGO,14.32414600,0.00,Coinbase - ALGO Wallet,,,Algorand reward From Coinbase,,,,,,,,,,,,
12/25/2021 12:55:15,Receive,,0.00153900,ALGO,14.32568500,0.00,Coinbase - ALGO Wallet,,,Algorand reward From Coinbase,,,,,,,,,,,,
12/26/2021 11:49:19,Receive,,0.00153900,ALGO,14.32722400,0.00,Coinbase - ALGO Wallet,,,Algorand reward From Coinbase,,,,,,,,,,,,
12/27/2021 16:06:21,Receive,,0.00154000,ALGO,14.32876400,0.00,Coinbase - ALGO Wallet,,,Algorand reward From Coinbase,,,,,,,,,,,,
12/28/2021 13:36:07,Receive,,0.00154000,ALGO,14.33030400,0.00,Coinbase - ALGO Wallet,,,Algorand reward From Coinbase,,,,,,,,,,,,
12/29/2021 11:45:43,Receive,,0.00154000,ALGO,14.33184400,0.00,Coinbase - ALGO Wallet,,,Algorand reward From Coinbase,,,,,,,,,,,,
12/30/2021 00:11:41,Buy,,18.00000000,SOL,100.00000000,3070.71,Coinbase Pro - SOL,,,,3070.71,USD,,,Coinbase Pro - USD,,,,10.71,USD,,
12/30/2021 15:16:57,Receive,,0.00154000,ALGO,14.33338400,0.00,Coinbase - ALGO Wallet,,,Algorand reward From Coinbase,,,,,,,,,,,,
01/01/2022 18:19:48,Receive,,0.00154000,ALGO,...,...,Coinbase - ALGO Wallet,,,Algorand reward From Coinbase,,,...,...,,,,,,,...,
01/02/2022 14:56:20,Receive,,0.00154000,ALGO,...,...,Coinbase - ALGO Wallet,,,Algorand reward From Coinbase,,,...,...,,,,,,,...,
01/03/2022 18:51:29,Receive,,0.00154000,ALGO,...,...,Coinbase - ALGO Wallet,,,Algorand reward From Coinbase,,,...,...,,,,,,,...,
01/04/2022 15:13:42,Receive,,0.00154100,ALGO,...,...,Coinbase - ALGO Wallet,,,Algorand reward From Coinbase,,,...,...,,,,,,,...,
01/05/2022 15:51:01,Receive,,0.00154100,ALGO,...,...,Coinbase - ALGO Wallet,,,Algorand reward From Coinbase,,,...,...,,,,,,,...,
01/06/2022 17:34:36,Receive,,0.00154100,ALGO,...,...,Coinbase - ALGO Wallet,,,Algorand reward From Coinbase,,,...,...,,,,,,,...,
01/07/2022 11:52:52,Receive,,0.00154100,ALGO,...,...,Coinbase - ALGO Wallet,,,Algorand reward From Coinbase,,,...,...,,,,,,,...,
01/08/2022 13:54:08,Receive,,0.00154100,ALGO,...,...,Coinbase - ALGO Wallet,,,Algorand reward From Coinbase,,,...,...,,,,,,,...,
01/09/2022 12:25:39,Receive,,0.00154100,ALGO,...,...,Coinbase - ALGO Wallet,,,Algorand reward From Coinbase,,,...,...,,,,,,,...,
01/10/2022 18:58:26,Receive,,0.00154200,ALGO,...,...,Coinbase - ALGO Wallet,,,Algorand reward From Coinbase,,,...,...,,,,,,,...,
01/11/2022 11:46:17,Receive,,0.00154200,ALGO,...,...,Coinbase - ALGO Wallet,,,Algorand reward From Coinbase,,,...,...,,,,,,,...,
01/12/2022 16:35:13,Receive,,0.00154200,ALGO,...,...,Coinbase - ALGO Wallet,,,Algorand reward From Coinbase,,,...,...,,,,,,,...,
01/13/2022 18:40:07,Receive,,0.00154200,ALGO,...,...,Coinbase - ALGO Wallet,,,Algorand reward From Coinbase,,,...,...,,,,,,,...,
01/15/2022 13:45:06,Receive,,0.00154200,ALGO,...,...,Coinbase - ALGO Wallet,,,Algorand reward From Coinbase,,,...,...,,,,,,,...,
01/16/2022 11:34:10,Receive,,0.00154200,ALGO,...,...,Coinbase - ALGO Wallet,,,Algorand reward From Coinbase,,,...,...,,,,,,,...,
01/17/2022 11:54:57,Receive,,0.00154300,ALGO,...,...,Coinbase - ALGO Wallet,,,Algorand reward From Coinbase,,,...,...,,,,,,,...,
01/18/2022 18:25:03,Receive,,0.00154300,ALGO,...,...,Coinbase - ALGO Wallet,,,Algorand reward From Coinbase,,,...,...,,,,,,,...,
01/19/2022 13:43:21,Receive,,0.00154300,ALGO,...,...,Coinbase - ALGO Wallet,,,Algorand reward From Coinbase,,,...,...,,,,,,,...,
01/20/2022 14:09:22,Receive,,0.00154300,ALGO,...,...,Coinbase - ALGO Wallet,,,Algorand reward From Coinbase,,,...,...,,,,,,,...,
01/21/2022 17:37:46,Receive,,0.00154300,ALGO,...,...,Coinbase - ALGO Wallet,,,Algorand reward From Coinbase,,,...,...,,,,,,,...,
01/22/2022 18:13:37,Receive,,0.00154300,ALGO,...,...,Coinbase - ALGO Wallet,,,Algorand reward From Coinbase,,,...,...,,,,,,,...,
01/23/2022 15:00:03,Receive,,0.00154400,ALGO,...,...,Coinbase - ALGO Wallet,,,Algorand reward From Coinbase,,,...,...,,,,,,,...,
01/24/2022 10:54:51,Receive,,0.00154400,ALGO,...,...,Coinbase - ALGO Wallet,,,Algorand reward From Coinbase,,,...,...,,,,,,,...,
01/25/2022 14:44:49,Receive,,0.00154400,ALGO,...,...,Coinbase - ALGO Wallet,,,Algorand reward From Coinbase,,,...,...,,,,,,,...,
01/26/2022 10:46:00,Receive,,0.00154400,ALGO,...,...,Coinbase - ALGO Wallet,,,Algorand reward From Coinbase,,,...,...,,,,,,,...,
01/27/2022 16:26:18,Receive,,0.00154400,ALGO,...,...,Coinbase - ALGO Wallet,,,Algorand reward From Coinbase,,,...,...,,,,,,,...,
01/28/2022 15:25:39,Receive,,0.00154400,ALGO,...,...,Coinbase - ALGO Wallet,,,Algorand reward From Coinbase,,,...,...,,,,,,,...,
01/29/2022 16:12:24,Receive,,0.00154500,ALGO,...,...,Coinbase - ALGO Wallet,,,Algorand reward From Coinbase,,,...,...,,,,,,,...,
01/30/2022 11:40:40,Receive,,0.00154500,ALGO,...,...,Coinbase - ALGO Wallet,,,Algorand reward From Coinbase,,,...,...,,,,,,,...,
01/31/2022 18:34:19,Receive,,0.00154500,ALGO,...,...,Coinbase - ALGO Wallet,,,Algorand reward From Coinbase,,,...,...,,,,,,,...,
02/01/2022 11:02:04,Receive,,0.00154500,ALGO,...,...,Coinbase - ALGO Wallet,,,Algorand reward From Coinbase,,,...,...,,,,,,,...,
02/02/2022 18:42:21,Receive,,0.00154500,ALGO,...,...,Coinbase - ALGO Wallet,,,Algorand reward From Coinbase,,,...,...,,,,,,,...,
02/03/2022 17:33:55,Receive,,0.00154500,ALGO,...,...,Coinbase - ALGO Wallet,,,Algorand reward From Coinbase,,,...,...,,,,,,,...,
02/04/2022 20:31:53,Receive,,0.00154600,ALGO,...,...,Coinbase - ALGO Wallet,,,Algorand reward From Coinbase,,,...,...,,,,,,,...,
02/05/2022 15:20:27,Receive,,0.00154600,ALGO,...,...,Coinbase - ALGO Wallet,,,Algorand reward From Coinbase,,,...,...,,,,,,,...,
02/06/2022 12:35:59,Receive,,0.00154600,ALGO,...,...,Coinbase - ALGO Wallet,,,Algorand reward From Coinbase,,,...,...,,,,,,,...,
02/07/2022 13:55:42,Receive,,0.00154600,ALGO,...,...,Coinbase - ALGO Wallet,,,Algorand reward From Coinbase,,,...,...,,,,,,,...,
02/08/2022 16:26:27,Receive,,0.00154600,ALGO,...,...,Coinbase - ALGO Wallet,,,Algorand reward From Coinbase,,,...,...,,,,,,,...,
02/09/2022 18:14:23,Receive,,0.00154600,ALGO,...,...,Coinbase - ALGO Wallet,,,Algorand reward From Coinbase,,,...,...,,,,,,,...,
02/10/2022 16:55:45,Receive,,0.00154700,ALGO,...,...,Coinbase - ALGO Wallet,,,Algorand reward From Coinbase,,,...,...,,,,,,,...,
02/12/2022 11:01:03,Receive,,0.00154700,ALGO,...,...,Coinbase - ALGO Wallet,,,Algorand reward From Coinbase,,,...,...,,,,,,,...,
02/13/2022 11:50:55,Receive,,0.00154700,ALGO,...,...,Coinbase - ALGO Wallet,,,Algorand reward From Coinbase,,,...,...,,,,,,,...,
02/14/2022 15:12:00,Receive,,0.00154700,ALGO,...,...,Coinbase - ALGO Wallet,,,Algorand reward From Coinbase,,,...,...,,,,,,,...,
02/15/2022 18:18:42,Receive,,0.00154700,ALGO,...,...,Coinbase - ALGO Wallet,,,Algorand reward From Coinbase,,,...,...,,,,,,,...,
02/16/2022 12:04:58,Receive,,0.00154700,ALGO,...,...,Coinbase - ALGO Wallet,,,Algorand reward From Coinbase,,,...,...,,,,,,,...,
02/17/2022 12:17:38,Receive,,0.00154800,ALGO,...,...,Coinbase - ALGO Wallet,,,Algorand reward From Coinbase,,,...,...,,,,,,,...,
02/18/2022 11:17:18,Receive,,0.00154800,ALGO,...,...,Coinbase - ALGO Wallet,,,Algorand reward From Coinbase,,,...,...,,,,,,,...,
02/21/2022 01:24:08,Receive,,0.00154800,ALGO,...,...,Coinbase - ALGO Wallet,,,Algorand reward From Coinbase,,,...,...,,,,,,,...,
02/21/2022 13:11:44,Buy,,1.10600000,SOL,...,...,Coinbase Pro - SOL,,,,96.70,USD,...,...,Coinbase Pro - USD,,,,0.48,USD,...,
02/21/2022 13:11:44,Buy,,0.96600000,SOL,...,...,Coinbase Pro - SOL,,,,84.46,USD,...,...,Coinbase Pro - USD,,,,0.42,USD,...,
02/21/2022 13:11:44,Buy,,47.92800000,SOL,...,...,Coinbase Pro - SOL,,,,4190.58,USD,...,...,Coinbase Pro - USD,,,,20.85,USD,...,
02/21/2022 19:34:56,Receive,,0.00154800,ALGO,...,...,Coinbase - ALGO Wallet,,,Algorand reward From Coinbase,,,...,...,,,,,,,...,
02/22/2022 17:18:10,Receive,,0.00154800,ALGO,...,...,Coinbase - ALGO Wallet,,,Algorand reward From Coinbase,,,...,...,,,,,,,...,
02/22/2022 22:20:38,Receive,,0.00154800,ALGO,...,...,Coinbase - ALGO Wallet,,,Algorand reward From Coinbase,,,...,...,,,,,,,...,
02/24/2022 03:08:20,Receive,,0.00154800,ALGO,...,...,Coinbase - ALGO Wallet,,,Algorand reward From Coinbase,,,...,...,,,,,,,...,
02/24/2022 03:31:36,Buy,,19.02700000,SOL,...,...,Coinbase Pro - SOL,,,,1529.77,USD,...,...,Coinbase Pro - USD,,,,7.61,USD,...,
02/24/2022 03:31:36,Buy,,23.80300000,SOL,...,...,Coinbase Pro - SOL,,,,1913.76,USD,...,...,Coinbase Pro - USD,,,,9.52,USD,...,
02/24/2022 03:31:36,Buy,,2.60900000,SOL,...,...,Coinbase Pro - SOL,,,,209.76,USD,...,...,Coinbase Pro - USD,,,,1.04,USD,...,
02/24/2022 03:31:36,Buy,,1.03000000,SOL,...,...,Coinbase Pro - SOL,,,,82.81,USD,...,...,Coinbase Pro - USD,,,,0.41,USD,...,
02/24/2022 03:31:36,Buy,,0.97200000,SOL,...,...,Coinbase Pro - SOL,,,,78.15,USD,...,...,Coinbase Pro - USD,,,,0.39,USD,...,
02/24/2022 03:31:36,Buy,,1.00800000,SOL,...,...,Coinbase Pro - SOL,,,,81.04,USD,...,...,Coinbase Pro - USD,,,,0.40,USD,...,
02/24/2022 03:31:36,Buy,,1.04600000,SOL,...,...,Coinbase Pro - SOL,,,,84.10,USD,...,...,Coinbase Pro - USD,,,,0.42,USD,...,
02/24/2022 03:31:36,Buy,,0.50500000,SOL,...,...,Coinbase Pro - SOL,,,,40.60,USD,...,...,Coinbase Pro - USD,,,,0.20,USD,...,
02/24/2022 15:18:55,Sell,,8500.00,USD,...,...,Coinbase Pro - USD,,,,100.00000000,SOL,...,...,Coinbase Pro - SOL,,,,42.50,USD,...,
02/25/2022 07:08:05,Receive,,0.00154900,ALGO,...,...,Coinbase - ALGO Wallet,,,Algorand reward From Coinbase,,,...,...,,,,,,,...,
02/25/2022 11:13:48,Receive,,0.00154900,ALGO,...,...,Coinbase - ALGO Wallet,,,Algorand reward From Coinbase,,,...,...,,,,,,,...,
02/26/2022 14:12:57,Receive,,0.00154900,ALGO,...,...,Coinbase - ALGO Wallet,,,Algorand reward From Coinbase,,,...,...,,,,,,,...,
02/27/2022 17:39:00,Receive,,0.00154900,ALGO,...,...,Coinbase - ALGO Wallet,,,Algorand reward From Coinbase,,,...,...,,,,,,,...,
02/28/2022 18:40:16,Receive,,0.00154900,ALGO,...,...,Coinbase - ALGO Wallet,,,Algorand reward From Coinbase,,,...,...,,,,,,,...,
03/01/2022 13:16:48,Receive,,0.00155000,ALGO,...,...,Coinbase - ALGO Wallet,,,Algorand reward From Coinbase,,,...,...,,,,,,,...,
03/02/2022 13:22:54,Receive,,0.00155000,ALGO,...,...,Coinbase - ALGO Wallet,,,Algorand reward From Coinbase,,,...,...,,,,,,,...,
03/03/2022 16:12:32,Receive,,0.00155000,ALGO,...,...,Coinbase - ALGO Wallet,,,Algorand reward From Coinbase,,,...,...,,,,,,,...,
03/04/2022 16:13:18,Receive,,0.00155000,ALGO,...,...,Coinbase - ALGO Wallet,,,Algorand reward From Coinbase,,,...,...,,,,,,,...,
03/05/2022 12:47:49,Receive,,0.00155000,ALGO,...,...,Coinbase - ALGO Wallet,,,Algorand reward From Coinbase,,,...,...,,,,,,,...,
03/06/2022 14:42:13,Receive,,0.00155000,ALGO,...,...,Coinbase - ALGO Wallet,,,Algorand reward From Coinbase,,,...,...,,,,,,,...,
03/07/2022 17:23:55,Receive,,0.00155100,ALGO,...,...,Coinbase - ALGO Wallet,,,Algorand reward From Coinbase,,,...,...,,,,,,,...,
03/07/2022 20:04:00,Buy,,50.00000000,SOL,...,...,Coinbase Pro - SOL,,,,4010.00,USD,...,...,Coinbase Pro - USD,,,,10.00,USD,...,
03/08/2022 10:46:07,Receive,,0.00155100,ALGO,...,...,Coinbase - ALGO Wallet,,,Algorand reward From Coinbase,,,...,...,,,,,,,...,
03/09/2022 13:58:31,Receive,,0.00155100,ALGO,...,...,Coinbase - ALGO Wallet,,,Algorand reward From Coinbase,,,...,...,,,,,,,...,
03/10/2022 16:33:53,Receive,,0.00017800,ALGO,...,...,Coinbase - ALGO Wallet,,,Algorand reward From Coinbase,,,...,...,,,,,,,...,
03/11/2022 17:31:07,Receive,,0.00017800,ALGO,...,...,Coinbase - ALGO Wallet,,,Algorand reward From Coinbase,,,...,...,,,,,,,...,
03/12/2022 12:56:31,Receive,,0.00017800,ALGO,...,...,Coinbase - ALGO Wallet,,,Algorand reward From Coinbase,,,...,...,,,,,,,...,
03/13/2022 17:19:49,Receive,,0.00017800,ALGO,...,...,Coinbase - ALGO Wallet,,,Algorand reward From Coinbase,,,...,...,,,,,,,...,
03/13/2022 20:10:27,Buy,,38.74000000,SOL,...,...,Coinbase Pro - SOL,,,,3106.95,USD,...,...,Coinbase Pro - USD,,,,7.75,USD,...,
03/13/2022 20:10:27,Buy,,11.26000000,SOL,...,...,Coinbase Pro - SOL,,,,903.05,USD,...,...,Coinbase Pro - USD,,,,2.25,USD,...,
03/14/2022 19:53:35,Receive,,0.00017800,ALGO,...,...,Coinbase - ALGO Wallet,,,Algorand reward From Coinbase,,,...,...,,,,,,,...,
03/15/2022 11:21:36,Receive,,0.00017800,ALGO,...,...,Coinbase - ALGO Wallet,,,Algorand reward From Coinbase,,,...,...,,,,,,,...,
03/16/2022 14:55:03,Receive,,0.00017800,ALGO,...,...,Coinbase - ALGO Wallet,,,Algorand reward From Coinbase,,,...,...,,,,,,,...,
03/17/2022 18:10:21,Receive,,0.00017800,ALGO,...,...,Coinbase - ALGO Wallet,,,Algorand reward From Coinbase,,,...,...,,,,,,,...,
03/18/2022 11:02:44,Receive,,0.00017800,ALGO,...,...,Coinbase - ALGO Wallet,,,Algorand reward From Coinbase,,,...,...,,,,,,,...,
03/19/2022 15:03:36,Receive,,0.00017800,ALGO,...,...,Coinbase - ALGO Wallet,,,Algorand reward From Coinbase,,,...,...,,,,,,,...,
03/20/2022 18:04:30,Receive,,0.00017800,ALGO,...,...,Coinbase - ALGO Wallet,,,Algorand reward From Coinbase,,,...,...,,,,,,,...,
03/21/2022 13:20:30,Receive,,0.00017800,ALGO,...,...,Coinbase - ALGO Wallet,,,Algorand reward From Coinbase,,,...,...,,,,,,,...,
03/22/2022 13:37:06,Receive,,0.00017800,ALGO,...,...,Coinbase - ALGO Wallet,,,Algorand reward From Coinbase,,,...,...,,,,,,,...,
03/23/2022 19:26:44,Receive,,0.00017800,ALGO,...,...,Coinbase - ALGO Wallet,,,Algorand reward From Coinbase,,,...,...,,,,,,,...,
03/24/2022 11:21:12,Receive,,0.00017800,ALGO,...,...,Coinbase - ALGO Wallet,,,Algorand reward From Coinbase,,,...,...,,,,,,,...,
03/25/2022 13:31:10,Receive,,0.00017800,ALGO,...,...,Coinbase - ALGO Wallet,,,Algorand reward From Coinbase,,,...,...,,,,,,,...,
03/26/2022 18:22:44,Receive,,0.00017800,ALGO,...,...,Coinbase - ALGO Wallet,,,Algorand reward From Coinbase,,,...,...,,,,,,,...,
03/27/2022 19:38:24,Receive,,0.00017800,ALGO,...,...,Coinbase - ALGO Wallet,,,Algorand reward From Coinbase,,,...,...,,,,,,,...,
03/28/2022 16:03:07,Receive,,0.00017800,ALGO,...,...,Coinbase - ALGO Wallet,,,Algorand reward From Coinbase,,,...,...,,,,,,,...,
03/29/2022 13:09:05,Receive,,0.00017800,ALGO,...,...,Coinbase - ALGO Wallet,,,Algorand reward From Coinbase,,,...,...,,,,,,,...,
03/30/2022 17:10:59,Receive,,0.00017800,ALGO,...,...,Coinbase - ALGO Wallet,,,Algorand reward From Coinbase,,,...,...,,,,,,,...,
03/31/2022 12:45:25,Receive,,0.00017800,ALGO,...,...,Coinbase - ALGO Wallet,,,Algorand reward From Coinbase,,,...,...,,,,,,,...,
04/01/2022 18:20:51,Receive,,0.00017800,ALGO,...,...,Coinbase - ALGO Wallet,,,Algorand reward From Coinbase,,,...,...,,,,,,,...,
04/02/2022 11:36:34,Receive,,0.00017800,ALGO,...,...,Coinbase - ALGO Wallet,,,Algorand reward From Coinbase,,,...,...,,,,,,,...,
04/03/2022 14:17:10,Receive,,0.00017800,ALGO,...,...,Coinbase - ALGO Wallet,,,Algorand reward From Coinbase,,,...,...,,,,,,,...,
04/04/2022 10:48:03,Receive,,0.00017800,ALGO,...,...,Coinbase - ALGO Wallet,,,Algorand reward From Coinbase,,,...,...,,,,,,,...,
04/05/2022 19:23:38,Receive,,0.00017800,ALGO,...,...,Coinbase - ALGO Wallet,,,Algorand reward From Coinbase,,,...,...,,,,,,,...,
04/06/2022 13:43:01,Receive,,0.00017800,ALGO,...,...,Coinbase - ALGO Wallet,,,Algorand reward From Coinbase,,,...,...,,,,,,,...,
04/07/2022 19:50:51,Receive,,0.00017800,ALGO,...,...,Coinbase - ALGO Wallet,,,Algorand reward From Coinbase,,,...,...,,,,,,,...,
04/08/2022 17:17:50,Receive,,0.00017800,ALGO,...,...,Coinbase - ALGO Wallet,,,Algorand reward From Coinbase,,,...,...,,,,,,,...,
04/09/2022 20:51:45,Receive,,0.00017800,ALGO,...,...,Coinbase - ALGO Wallet,,,Algorand reward From Coinbase,,,...,...,,,,,,,...,
04/10/2022 13:33:55,Receive,,0.00017800,ALGO,...,...,Coinbase - ALGO Wallet,,,Algorand reward From Coinbase,,,...,...,,,,,,,...,
04/11/2022 17:16:08,Receive,,0.00017800,ALGO,...,...,Coinbase - ALGO Wallet,,,Algorand reward From Coinbase,,,...,...,,,,,,,...,
04/12/2022 16:39:51,Receive,,0.00017800,ALGO,...,...,Coinbase - ALGO Wallet,,,Algorand reward From Coinbase,,,...,...,,,,,,,...,
04/13/2022 17:45:08,Receive,,0.00017800,ALGO,...,...,Coinbase - ALGO Wallet,,,Algorand reward From Coinbase,,,...,...,,,,,,,...,
04/14/2022 14:32:32,Receive,,0.00017800,ALGO,...,...,Coinbase - ALGO Wallet,,,Algorand reward From Coinbase,,,...,...,,,,,,,...,
04/16/2022 15:55:19,Receive,,0.00017800,ALGO,...,...,Coinbase - ALGO Wallet,,,Algorand reward From Coinbase,,,...,...,,,,,,,...,
04/17/2022 17:45:04,Receive,,0.00017800,ALGO,...,...,Coinbase - ALGO Wallet,,,Algorand reward From Coinbase,,,...,...,,,,,,,...,
04/18/2022 16:37:09,Receive,,0.00017800,ALGO,...,...,Coinbase - ALGO Wallet,,,Algorand reward From Coinbase,,,...,...,,,,,,,...,
04/19/2022 11:48:00,Receive,,0.00017800,ALGO,...,...,Coinbase - ALGO Wallet,,,Algorand reward From Coinbase,,,...,...,,,,,,,...,
04/20/2022 15:48:53,Receive,,0.00017800,ALGO,...,...,Coinbase - ALGO Wallet,,,Algorand reward From Coinbase,,,...,...,,,,,,,...,
04/21/2022 11:44:54,Receive,,0.00017800,ALGO,...,...,Coinbase - ALGO Wallet,,,Algorand reward From Coinbase,,,...,...,,,,,,,...,
04/22/2022 18:30:52,Receive,,0.00017800,ALGO,...,...,Coinbase - ALGO Wallet,,,Algorand reward From Coinbase,,,...,...,,,,,,,...,
04/23/2022 16:43:13,Receive,,0.00017800,ALGO,...,...,Coinbase - ALGO Wallet,,,Algorand reward From Coinbase,,,...,...,,,,,,,...,
04/24/2022 20:59:07,Receive,,0.00017800,ALGO,...,...,Coinbase - ALGO Wallet,,,Algorand reward From Coinbase,,,...,...,,,,,,,...,
04/25/2022 23:03:36,Receive,,0.00017800,ALGO,...,...,Coinbase - ALGO Wallet,,,Algorand reward From Coinbase,,,...,...,,,,,,,...,
04/26/2022 16:31:43,Receive,,0.00017800,ALGO,...,...,Coinbase - ALGO Wallet,,,Algorand reward From Coinbase,,,...,...,,,,,,,...,
04/27/2022 11:36:55,Receive,,0.00017800,ALGO,...,...,Coinbase - ALGO Wallet,,,Algorand reward From Coinbase,,,...,...,,,,,,,...,
05/05/2022 23:03:24,Receive,,0.17939700,ALGO,...,...,Coinbase - ALGO Wallet,,,Algorand reward From Coinbase,,,...,...,,,,,,,...,
05/23/2022 21:33:47,Sell,,5.28,USD,...,...,Coinbase - USD Wallet,,,Sold Algorand Using USD Wallet,14.62332700,ALGO,...,...,Coinbase - ALGO Wallet,,,Sold Algorand Using USD Wallet,0.99,USD,...,
05/23/2022 21:33:49,Send,,,,...,...,,,,,0.06,USD,...,...,Coinbase - USD Wallet,,,Donated US Dollar To GiveCrypto,,,...,
05/23/2022 21:35:07,Sell,,3.08,USD,...,...,Coinbase - USD Wallet,,,Sold Stellar Lumens Using USD Wallet,30.82645190,XLM,...,...,Coinbase - XLM Wallet,,,Sold Stellar Lumens Using USD Wallet,0.99,USD,...,
05/27/2022 19:55:06,Sell,,16483.73,USD,...,...,Coinbase Pro - USD,,,,0.56840450,BTC,...,...,Coinbase Pro - BTC,,,,65.93,USD,...,
05/27/2022 19:55:06,Sell,,2687.94,USD,...,...,Coinbase Pro - USD,,,,0.09268755,BTC,...,...,Coinbase Pro - BTC,,,,10.75,USD,...,
05/27/2022 19:55:06,Sell,,7485.77,USD,...,...,Coinbase Pro - USD,,,,0.25813000,BTC,...,...,Coinbase Pro - BTC,,,,29.94,USD,...,
05/27/2022 19:55:06,Sell,,2342.56,USD,...,...,Coinbase Pro - USD,,,,0.08077795,BTC,...,...,Coinbase Pro - BTC,,,,9.37,USD,...,
05/28/2022 13:17:59,Sell,,4922.63,USD,...,...,Coinbase Pro - USD,,,,0.16858329,BTC,...,...,Coinbase Pro - BTC,,,,12.31,USD,...,
05/28/2022 13:18:00,Sell,,1650.84,USD,...,...,Coinbase Pro - USD,,,,0.05653551,BTC,...,...,Coinbase Pro - BTC,,,,4.13,USD,...,
05/28/2022 13:18:00,Sell,,2307.03,USD,...,...,Coinbase Pro - USD,,,,0.07900800,BTC,...,...,Coinbase Pro - BTC,,,,5.77,USD,...,
05/28/2022 13:18:00,Sell,,19466.67,USD,...,...,Coinbase Pro - USD,,,,0.66666666,BTC,...,...,Coinbase Pro - BTC,,,,48.67,USD,...,
05/28/2022 13:18:00,Sell,,8149.91,USD,...,...,Coinbase Pro - USD,,,,0.27910654,BTC,...,...,Coinbase Pro - BTC,,,,20.37,USD,...,
05/30/2022 02:03:55,Sell,,16162.44,USD,...,...,Coinbase Pro - USD,,,,8.73645292,ETH,...,...,Coinbase Pro - ETH,,,,40.41,USD,...,
05/30/2022 02:03:55,Sell,,11587.56,USD,...,...,Coinbase Pro - USD,,,,6.26354708,ETH,...,...,Coinbase Pro - ETH,,,,28.97,USD,...,
06/01/2022 15:53:24,Transfer,,50000.00,USD,...,...,Coinbase - USD Wallet,,,Transferred funds From Coinbase Pro,50000.00,USD,...,...,Coinbase Pro - USD,,,,,,...,
06/01/2022 15:53:27,Send,,,,...,...,,,,,50000.00,USD,...,...,Coinbase - USD Wallet,,,Withdrew funds To Bank of America - BofA... ********6952,,,...,

..., Indicates that a tax plan needs to be purchased for the corresponding tax year
