Timestamp,Transaction Type,Asset,Quantity Transacted,USD Spot Price at Transaction,USD Subtotal,USD Total (inclusive of fees),USD Fees,Notes
2018-02-05T18:11:17Z,Buy,BTC,0.35014925,7035.00,2463.30,2500.00,36.70,"Bought 0.35014925 BTC for $2,500.00 USD"
2019-02-08T18:07:37Z,Buy,BTC,1.0,3656.90,3656.90,3711.39,54.49,"Bought 1.0000 BTC for $3,711.39 USD"
2019-06-27T20:11:24Z,Buy,BTC,0.35,10731.43,3756.00,3811.96,55.96,"Bought 0.3500 BTC for $3,811.96 USD"
2019-08-01T21:00:04Z,Buy,BTC,0.2705337,10466.72,2831.60,2873.79,42.19,"Bought 0.2705337 BTC for $2,873.79 USD"
2021-01-11T10:32:19Z,Sell,BTC,1.0,35430.87,35430.87,34902.95,527.92,"Sold 1.0000 BTC for $34,902.95 USD"
2021-03-01T12:10:59Z,Send,BTC,0.10003555,47989.92,"","","",Sent 0.10003555 BTC to 1Pn7F6yz2Wdt7FTJRr4wQASMYj7pEbTTba
2018-02-14T12:12:13Z,Buy,ETH,3.0,885.77,2657.30,2696.89,39.59,"Bought 3.0000 ETH for $2,696.89 USD"
2018-07-19T11:14:10Z,Buy,ETH,5.0,479.43,2397.13,2432.85,35.72,"Bought 5.0000 ETH for $2,432.85 USD"
2018-11-15T17:46:25Z,Buy,ETH,8.0,176.66,1413.27,1434.33,21.06,"Bought 8.0000 ETH for $1,434.33 USD"
2019-04-04T09:55:25Z,Buy,ETH,16.0,162.40,2598.37,2637.09,38.72,"Bought 16.0000 ETH for $2,637.09 USD"
2020-08-04T18:46:41Z,Buy,ETH,10.0,389.11,3891.06,3949.04,57.98,"Bought 10.0000 ETH for $3,949.04 USD"
2021-01-11T10:31:11Z,Sell,ETH,8.0,1121.96,8975.72,8841.98,133.74,"Sold 8.0000 ETH for $8,841.98 USD"
2021-05-03T12:06:29Z,Convert,ETH,40.0,3162.72,126496.80,126509.00,12.20,Converted 40.0000 ETH to 40.0000 ETH2
2019-05-07T12:29:24Z,Buy,LTC,60.0,76.68,4600.82,4669.37,68.55,"Bought 60.0000 LTC for $4,669.37 USD"
2019-06-05T21:01:37Z,Buy,LTC,40.0,102.80,4112.18,4173.45,61.27,"Bought 40.0000 LTC for $4,173.45 USD"
2019-07-06T13:23:48Z,Convert,LTC,100.0,119.20,11772.93,11920.00,147.07,Converted 100.0000 LTC to 1.02931709 BTC
2021-02-17T12:54:59Z,Rewards Income,ALGO,0.000324,1.38,0.00,0.00,0.00,Received 0.000324 ALGO from Coinbase Rewards
2021-02-18T12:02:33Z,Rewards Income,ALGO,0.002197,1.38,0.00,0.00,0.00,Received 0.002197 ALGO from Coinbase Rewards
2021-02-19T12:06:22Z,Rewards Income,ALGO,0.002198,1.38,0.00,0.00,0.00,Received 0.002198 ALGO from Coinbase Rewards
2021-02-20T12:06:00Z,Rewards Income,ALGO,0.002198,1.42,0.00,0.00,0.00,Received 0.002198 ALGO from Coinbase Rewards
2021-02-21T11:27:26Z,Rewards Income,ALGO,0.002198,1.33,0.00,0.00,0.00,Received 0.002198 ALGO from Coinbase Rewards
2021-02-22T14:28:05Z,Rewards Income,ALGO,0.002199,1.01,0.00,0.00,0.00,Received 0.002199 ALGO from Coinbase Rewards
2021-02-23T13:07:28Z,Rewards Income,ALGO,0.002199,0.970000,0.00,0.00,0.00,Received 0.002199 ALGO from Coinbase Rewards
2021-02-24T11:18:44Z,Rewards Income,ALGO,0.002199,1.11,0.00,0.00,0.00,Received 0.002199 ALGO from Coinbase Rewards
2021-02-25T14:00:14Z,Rewards Income,ALGO,0.0022,1.10,0.00,0.00,0.00,Received 0.0022 ALGO from Coinbase Rewards
2021-02-26T14:31:49Z,Rewards Income,ALGO,0.0022,1.00,0.00,0.00,0.00,Received 0.0022 ALGO from Coinbase Rewards
2021-02-27T10:59:26Z,Rewards Income,ALGO,0.0022,1.03,0.00,0.00,0.00,Received 0.0022 ALGO from Coinbase Rewards
2021-02-28T11:50:45Z,Rewards Income,ALGO,0.002201,1.06,0.00,0.00,0.00,Received 0.002201 ALGO from Coinbase Rewards
2021-03-01T10:37:20Z,Rewards Income,ALGO,0.002201,1.07,0.00,0.00,0.00,Received 0.002201 ALGO from Coinbase Rewards
2021-03-02T14:32:23Z,Rewards Income,ALGO,0.002201,1.15,0.00,0.00,0.00,Received 0.002201 ALGO from Coinbase Rewards
2021-03-03T12:28:09Z,Rewards Income,ALGO,0.002202,1.13,0.00,0.00,0.00,Received 0.002202 ALGO from Coinbase Rewards
2021-03-04T10:41:39Z,Rewards Income,ALGO,0.002202,1.14,0.00,0.00,0.00,Received 0.002202 ALGO from Coinbase Rewards
2021-03-05T12:32:32Z,Rewards Income,ALGO,0.002202,1.03,0.00,0.00,0.00,Received 0.002202 ALGO from Coinbase Rewards
2021-03-06T11:08:27Z,Rewards Income,ALGO,0.002203,1.04,0.00,0.00,0.00,Received 0.002203 ALGO from Coinbase Rewards
2021-03-07T13:36:38Z,Rewards Income,ALGO,0.002203,1.12,0.00,0.00,0.00,Received 0.002203 ALGO from Coinbase Rewards
2021-03-08T12:54:00Z,Rewards Income,ALGO,0.002203,1.08,0.00,0.00,0.00,Received 0.002203 ALGO from Coinbase Rewards
2021-03-09T12:59:59Z,Rewards Income,ALGO,0.002204,1.13,0.00,0.00,0.00,Received 0.002204 ALGO from Coinbase Rewards
2021-03-11T13:57:40Z,Rewards Income,ALGO,0.002204,1.11,0.00,0.00,0.00,Received 0.002204 ALGO from Coinbase Rewards
2021-03-12T14:08:16Z,Rewards Income,ALGO,0.002205,1.07,0.00,0.00,0.00,Received 0.002205 ALGO from Coinbase Rewards
2021-03-13T12:27:51Z,Rewards Income,ALGO,0.002205,1.11,0.00,0.00,0.00,Received 0.002205 ALGO from Coinbase Rewards
2021-03-14T10:46:19Z,Rewards Income,ALGO,0.002205,1.12,0.00,0.00,0.00,Received 0.002205 ALGO from Coinbase Rewards
2021-03-15T11:18:21Z,Rewards Income,ALGO,0.002206,1.28,0.00,0.00,0.00,Received 0.002206 ALGO from Coinbase Rewards
2021-03-15T22:44:28Z,Rewards Income,ALGO,0.002204,1.23,0.00,0.00,0.00,Received 0.002204 ALGO from Coinbase Rewards
2021-03-16T12:48:51Z,Rewards Income,ALGO,0.002206,1.17,0.00,0.00,0.00,Received 0.002206 ALGO from Coinbase Rewards
2021-03-17T11:50:43Z,Rewards Income,ALGO,0.002207,1.19,0.00,0.00,0.00,Received 0.002207 ALGO from Coinbase Rewards
2021-03-18T11:54:54Z,Rewards Income,ALGO,0.002207,1.31,0.00,0.00,0.00,Received 0.002207 ALGO from Coinbase Rewards
2021-03-19T12:19:16Z,Rewards Income,ALGO,0.002207,1.29,0.00,0.00,0.00,Received 0.002207 ALGO from Coinbase Rewards
2021-03-20T11:46:42Z,Rewards Income,ALGO,0.002208,1.29,0.00,0.00,0.00,Received 0.002208 ALGO from Coinbase Rewards
2021-03-21T10:35:57Z,Rewards Income,ALGO,0.002208,1.19,0.00,0.00,0.00,Received 0.002208 ALGO from Coinbase Rewards
2021-03-22T13:23:05Z,Rewards Income,ALGO,0.002208,1.20,0.00,0.00,0.00,Received 0.002208 ALGO from Coinbase Rewards
2021-03-23T10:37:33Z,Rewards Income,ALGO,0.002209,1.11,0.00,0.00,0.00,Received 0.002209 ALGO from Coinbase Rewards
2021-03-24T13:57:37Z,Rewards Income,ALGO,0.002209,1.16,0.00,0.00,0.00,Received 0.002209 ALGO from Coinbase Rewards
2021-03-25T13:55:47Z,Rewards Income,ALGO,0.002209,1.03,0.00,0.00,0.00,Received 0.002209 ALGO from Coinbase Rewards
2021-03-26T13:47:44Z,Rewards Income,ALGO,0.00221,1.11,0.00,0.00,0.00,Received 0.00221 ALGO from Coinbase Rewards
2021-03-27T12:40:38Z,Rewards Income,ALGO,0.00221,1.16,0.00,0.00,0.00,Received 0.00221 ALGO from Coinbase Rewards
2021-03-28T13:40:13Z,Rewards Income,ALGO,0.002211,1.19,0.00,0.00,0.00,Received 0.002211 ALGO from Coinbase Rewards
2021-03-29T11:55:18Z,Rewards Income,ALGO,0.002211,1.26,0.00,0.00,0.00,Received 0.002211 ALGO from Coinbase Rewards
2021-03-30T12:36:04Z,Rewards Income,ALGO,0.002211,1.36,0.00,0.00,0.00,Received 0.002211 ALGO from Coinbase Rewards
2021-03-31T22:00:02Z,Rewards Income,ALGO,0.002212,1.35,0.00,0.00,0.00,Received 0.002212 ALGO from Coinbase Rewards
2021-04-01T11:24:22Z,Rewards Income,ALGO,0.002212,1.33,0.00,0.00,0.00,Received 0.002212 ALGO from Coinbase Rewards
2021-04-02T10:39:05Z,Rewards Income,ALGO,0.002212,1.34,0.00,0.00,0.00,Received 0.002212 ALGO from Coinbase Rewards
2021-04-04T03:19:10Z,Rewards Income,ALGO,0.002213,1.29,0.00,0.00,0.00,Received 0.002213 ALGO from Coinbase Rewards
2021-04-04T13:52:43Z,Rewards Income,ALGO,0.002213,1.33,0.00,0.00,0.00,Received 0.002213 ALGO from Coinbase Rewards
2021-04-05T13:22:59Z,Rewards Income,ALGO,0.002213,1.36,0.00,0.00,0.00,Received 0.002213 ALGO from Coinbase Rewards
2021-04-06T13:43:59Z,Rewards Income,ALGO,0.002214,1.46,0.00,0.00,0.00,Received 0.002214 ALGO from Coinbase Rewards
2021-04-07T16:12:15Z,Rewards Income,ALGO,0.002214,1.31,0.00,0.00,0.00,Received 0.002214 ALGO from Coinbase Rewards
2021-04-08T14:31:40Z,Rewards Income,ALGO,0.002214,1.36,0.00,0.00,0.00,Received 0.002214 ALGO from Coinbase Rewards
2021-04-09T10:54:04Z,Rewards Income,ALGO,0.002215,1.36,0.00,0.00,0.00,Received 0.002215 ALGO from Coinbase Rewards
2021-04-10T11:56:43Z,Rewards Income,ALGO,0.002215,1.43,0.00,0.00,0.00,Received 0.002215 ALGO from Coinbase Rewards
2021-04-11T13:56:10Z,Rewards Income,ALGO,0.002215,1.41,0.00,0.00,0.00,Received 0.002215 ALGO from Coinbase Rewards
2021-04-12T11:07:42Z,Rewards Income,ALGO,0.002216,1.48,0.00,0.00,0.00,Received 0.002216 ALGO from Coinbase Rewards
2021-04-13T12:58:14Z,Rewards Income,ALGO,0.002216,1.45,0.00,0.00,0.00,Received 0.002216 ALGO from Coinbase Rewards
2021-04-14T11:40:13Z,Rewards Income,ALGO,0.002217,1.49,0.00,0.00,0.00,Received 0.002217 ALGO from Coinbase Rewards
2021-04-15T13:04:15Z,Rewards Income,ALGO,0.002217,1.51,0.00,0.00,0.00,Received 0.002217 ALGO from Coinbase Rewards
2021-04-16T13:34:09Z,Rewards Income,ALGO,0.002217,1.47,0.00,0.00,0.00,Received 0.002217 ALGO from Coinbase Rewards
2021-04-17T13:47:47Z,Rewards Income,ALGO,0.002218,1.57,0.00,0.00,0.00,Received 0.002218 ALGO from Coinbase Rewards
2021-04-18T12:43:13Z,Rewards Income,ALGO,0.002218,1.39,0.00,0.00,0.00,Received 0.002218 ALGO from Coinbase Rewards
2021-04-19T13:41:49Z,Rewards Income,ALGO,0.002218,1.44,0.00,0.00,0.00,Received 0.002218 ALGO from Coinbase Rewards
2021-04-20T10:52:00Z,Rewards Income,ALGO,0.002219,1.32,0.00,0.00,0.00,Received 0.002219 ALGO from Coinbase Rewards
2021-04-21T10:58:29Z,Rewards Income,ALGO,0.002219,1.22,0.00,0.00,0.00,Received 0.002219 ALGO from Coinbase Rewards
2021-04-22T14:15:21Z,Rewards Income,ALGO,0.002219,1.29,0.00,0.00,0.00,Received 0.002219 ALGO from Coinbase Rewards
2021-04-23T13:38:18Z,Rewards Income,ALGO,0.00222,1.06,0.00,0.00,0.00,Received 0.00222 ALGO from Coinbase Rewards
2021-04-24T11:06:56Z,Rewards Income,ALGO,0.00222,1.09,0.00,0.00,0.00,Received 0.00222 ALGO from Coinbase Rewards
2021-04-25T12:41:59Z,Rewards Income,ALGO,0.00222,1.16,0.00,0.00,0.00,Received 0.00222 ALGO from Coinbase Rewards
2021-04-26T12:09:44Z,Rewards Income,ALGO,0.002221,1.23,0.00,0.00,0.00,Received 0.002221 ALGO from Coinbase Rewards
2021-04-27T11:55:13Z,Rewards Income,ALGO,0.002221,1.28,0.00,0.00,0.00,Received 0.002221 ALGO from Coinbase Rewards
2021-04-28T11:06:04Z,Rewards Income,ALGO,0.002222,1.26,0.00,0.00,0.00,Received 0.002222 ALGO from Coinbase Rewards
2021-04-29T12:39:03Z,Rewards Income,ALGO,0.002222,1.37,0.00,0.00,0.00,Received 0.002222 ALGO from Coinbase Rewards
2021-04-30T12:35:40Z,Rewards Income,ALGO,0.002222,1.43,0.00,0.00,0.00,Received 0.002222 ALGO from Coinbase Rewards
2021-05-01T12:38:34Z,Rewards Income,ALGO,0.002223,1.39,0.00,0.00,0.00,Received 0.002223 ALGO from Coinbase Rewards
2021-05-02T13:48:04Z,Rewards Income,ALGO,0.002223,1.37,0.00,0.00,0.00,Received 0.002223 ALGO from Coinbase Rewards
2021-05-03T12:11:14Z,Rewards Income,ALGO,0.002223,1.46,0.00,0.00,0.00,Received 0.002223 ALGO from Coinbase Rewards
2021-05-04T11:17:53Z,Rewards Income,ALGO,0.002224,1.43,0.00,0.00,0.00,Received 0.002224 ALGO from Coinbase Rewards
2021-05-05T13:27:40Z,Rewards Income,ALGO,0.002224,1.41,0.00,0.00,0.00,Received 0.002224 ALGO from Coinbase Rewards
2021-05-06T12:00:14Z,Rewards Income,ALGO,0.002224,1.55,0.00,0.00,0.00,Received 0.002224 ALGO from Coinbase Rewards
2021-05-07T13:57:44Z,Rewards Income,ALGO,0.002225,1.63,0.00,0.00,0.00,Received 0.002225 ALGO from Coinbase Rewards
2021-05-08T12:16:29Z,Rewards Income,ALGO,0.002225,1.55,0.00,0.00,0.00,Received 0.002225 ALGO from Coinbase Rewards
2021-05-09T12:25:18Z,Rewards Income,ALGO,0.002225,1.46,0.00,0.00,0.00,Received 0.002225 ALGO from Coinbase Rewards
2021-05-10T14:15:32Z,Rewards Income,ALGO,0.002226,1.47,0.00,0.00,0.00,Received 0.002226 ALGO from Coinbase Rewards
2021-05-11T11:38:12Z,Rewards Income,ALGO,0.002226,1.42,0.00,0.00,0.00,Received 0.002226 ALGO from Coinbase Rewards
2021-05-12T10:48:12Z,Rewards Income,ALGO,0.002226,1.40,0.00,0.00,0.00,Received 0.002226 ALGO from Coinbase Rewards
2021-05-13T14:08:03Z,Rewards Income,ALGO,0.002227,1.37,0.00,0.00,0.00,Received 0.002227 ALGO from Coinbase Rewards
2021-05-14T12:01:22Z,Rewards Income,ALGO,0.002227,1.41,0.00,0.00,0.00,Received 0.002227 ALGO from Coinbase Rewards
2021-05-15T12:47:39Z,Rewards Income,ALGO,0.002228,1.42,0.00,0.00,0.00,Received 0.002228 ALGO from Coinbase Rewards
2021-05-16T14:15:49Z,Rewards Income,ALGO,0.002228,1.49,0.00,0.00,0.00,Received 0.002228 ALGO from Coinbase Rewards
2021-05-17T12:20:30Z,Rewards Income,ALGO,0.002228,1.38,0.00,0.00,0.00,Received 0.002228 ALGO from Coinbase Rewards
2021-05-18T11:33:39Z,Rewards Income,ALGO,0.002229,1.38,0.00,0.00,0.00,Received 0.002229 ALGO from Coinbase Rewards
2021-05-19T12:32:44Z,Rewards Income,ALGO,0.002229,1.05,0.00,0.00,0.00,Received 0.002229 ALGO from Coinbase Rewards
2021-05-20T11:10:25Z,Rewards Income,ALGO,0.002229,1.02,0.00,0.00,0.00,Received 0.002229 ALGO from Coinbase Rewards
2021-05-21T13:07:29Z,Rewards Income,ALGO,0.00223,1.07,0.00,0.00,0.00,Received 0.00223 ALGO from Coinbase Rewards
2021-05-22T11:32:06Z,Rewards Income,ALGO,0.00223,0.950000,0.00,0.00,0.00,Received 0.00223 ALGO from Coinbase Rewards
2021-05-23T12:48:28Z,Rewards Income,ALGO,0.00223,0.790000,0.00,0.00,0.00,Received 0.00223 ALGO from Coinbase Rewards
2021-05-24T12:58:01Z,Rewards Income,ALGO,0.002231,0.970000,0.00,0.00,0.00,Received 0.002231 ALGO from Coinbase Rewards
2021-05-25T14:29:21Z,Rewards Income,ALGO,0.002231,0.940000,0.00,0.00,0.00,Received 0.002231 ALGO from Coinbase Rewards
2021-05-26T12:15:20Z,Rewards Income,ALGO,0.002231,1.05,0.00,0.00,0.00,Received 0.002231 ALGO from Coinbase Rewards
2021-05-27T11:16:53Z,Rewards Income,ALGO,0.002232,1.01,0.00,0.00,0.00,Received 0.002232 ALGO from Coinbase Rewards
2021-05-28T14:35:25Z,Rewards Income,ALGO,0.002232,0.910000,0.00,0.00,0.00,Received 0.002232 ALGO from Coinbase Rewards
2021-05-29T14:01:42Z,Rewards Income,ALGO,0.002232,0.840000,0.00,0.00,0.00,Received 0.002232 ALGO from Coinbase Rewards
2021-05-30T11:27:13Z,Rewards Income,ALGO,0.002233,0.880000,0.00,0.00,0.00,Received 0.002233 ALGO from Coinbase Rewards
2021-05-31T12:25:37Z,Rewards Income,ALGO,0.002233,0.900000,0.00,0.00,0.00,Received 0.002233 ALGO from Coinbase Rewards
2021-06-01T12:07:34Z,Rewards Income,ALGO,0.002234,0.910000,0.00,0.00,0.00,Received 0.002234 ALGO from Coinbase Rewards
2021-06-02T12:39:46Z,Rewards Income,ALGO,0.002234,0.930000,0.00,0.00,0.00,Received 0.002234 ALGO from Coinbase Rewards
2021-06-03T14:28:38Z,Rewards Income,ALGO,0.002234,1.04,0.00,0.00,0.00,Received 0.002234 ALGO from Coinbase Rewards
2021-06-04T13:18:36Z,Rewards Income,ALGO,0.002235,1.03,0.00,0.00,0.00,Received 0.002235 ALGO from Coinbase Rewards
2021-06-05T11:05:15Z,Rewards Income,ALGO,0.002235,1.02,0.00,0.00,0.00,Received 0.002235 ALGO from Coinbase Rewards
2021-06-06T13:44:15Z,Rewards Income,ALGO,0.002235,0.990000,0.00,0.00,0.00,Received 0.002235 ALGO from Coinbase Rewards
2021-06-07T13:41:32Z,Rewards Income,ALGO,0.002236,1.07,0.00,0.00,0.00,Received 0.002236 ALGO from Coinbase Rewards
2021-06-08T11:39:29Z,Rewards Income,ALGO,0.002236,0.930000,0.00,0.00,0.00,Received 0.002236 ALGO from Coinbase Rewards
2021-06-09T13:44:09Z,Rewards Income,ALGO,0.002236,1.05,0.00,0.00,0.00,Received 0.002236 ALGO from Coinbase Rewards
2021-06-10T14:37:40Z,Rewards Income,ALGO,0.002237,1.00,0.00,0.00,0.00,Received 0.002237 ALGO from Coinbase Rewards
2021-06-11T12:06:12Z,Rewards Income,ALGO,0.002237,1.02,0.00,0.00,0.00,Received 0.002237 ALGO from Coinbase Rewards
2021-06-12T11:19:04Z,Rewards Income,ALGO,0.002238,0.950000,0.00,0.00,0.00,Received 0.002238 ALGO from Coinbase Rewards
2021-06-13T13:07:01Z,Rewards Income,ALGO,0.002238,1.02,0.00,0.00,0.00,Received 0.002238 ALGO from Coinbase Rewards
2021-06-14T12:28:46Z,Rewards Income,ALGO,0.002238,1.05,0.00,0.00,0.00,Received 0.002238 ALGO from Coinbase Rewards
2021-06-15T12:46:42Z,Rewards Income,ALGO,0.002239,1.05,0.00,0.00,0.00,Received 0.002239 ALGO from Coinbase Rewards
2021-06-16T13:20:41Z,Rewards Income,ALGO,0.002239,1.00,0.00,0.00,0.00,Received 0.002239 ALGO from Coinbase Rewards
2021-06-17T12:18:14Z,Rewards Income,ALGO,0.002239,1.05,0.00,0.00,0.00,Received 0.002239 ALGO from Coinbase Rewards
2021-06-18T12:01:16Z,Rewards Income,ALGO,0.00224,1.02,0.00,0.00,0.00,Received 0.00224 ALGO from Coinbase Rewards
2021-06-19T12:46:20Z,Rewards Income,ALGO,0.00224,0.960000,0.00,0.00,0.00,Received 0.00224 ALGO from Coinbase Rewards
2021-06-20T11:35:12Z,Rewards Income,ALGO,0.00224,0.890000,0.00,0.00,0.00,Received 0.00224 ALGO from Coinbase Rewards
2021-06-21T12:10:26Z,Rewards Income,ALGO,0.002241,0.840000,0.00,0.00,0.00,Received 0.002241 ALGO from Coinbase Rewards
2021-06-22T11:52:42Z,Rewards Income,ALGO,0.002241,0.740000,0.00,0.00,0.00,Received 0.002241 ALGO from Coinbase Rewards
2021-06-23T13:33:53Z,Rewards Income,ALGO,0.002241,0.870000,0.00,0.00,0.00,Received 0.002241 ALGO from Coinbase Rewards
2021-06-24T13:30:39Z,Rewards Income,ALGO,0.002242,0.860000,0.00,0.00,0.00,Received 0.002242 ALGO from Coinbase Rewards
2021-06-25T13:37:23Z,Rewards Income,ALGO,0.001509,0.830000,0.00,0.00,0.00,Received 0.001509 ALGO from Coinbase Rewards
2021-06-26T11:23:51Z,Rewards Income,ALGO,0.001509,0.790000,0.00,0.00,0.00,Received 0.001509 ALGO from Coinbase Rewards
2021-06-27T11:47:24Z,Rewards Income,ALGO,0.00151,0.800000,0.00,0.00,0.00,Received 0.00151 ALGO from Coinbase Rewards
2021-06-28T12:32:17Z,Rewards Income,ALGO,0.00151,0.840000,0.00,0.00,0.00,Received 0.00151 ALGO from Coinbase Rewards
2021-06-29T13:41:46Z,Rewards Income,ALGO,0.00151,0.920000,0.00,0.00,0.00,Received 0.00151 ALGO from Coinbase Rewards
2021-06-30T13:58:55Z,Rewards Income,ALGO,0.00151,0.860000,0.00,0.00,0.00,Received 0.00151 ALGO from Coinbase Rewards
2021-07-01T14:15:58Z,Rewards Income,ALGO,0.00151,0.830000,0.00,0.00,0.00,Received 0.00151 ALGO from Coinbase Rewards
2021-07-02T13:14:29Z,Rewards Income,ALGO,0.00151,0.820000,0.00,0.00,0.00,Received 0.00151 ALGO from Coinbase Rewards
2021-07-03T14:19:44Z,Rewards Income,ALGO,0.00151,0.860000,0.00,0.00,0.00,Received 0.00151 ALGO from Coinbase Rewards
2021-07-04T12:21:49Z,Rewards Income,ALGO,0.001511,0.900000,0.00,0.00,0.00,Received 0.001511 ALGO from Coinbase Rewards
2021-07-05T12:18:03Z,Rewards Income,ALGO,0.001511,0.850000,0.00,0.00,0.00,Received 0.001511 ALGO from Coinbase Rewards
2021-07-06T13:18:39Z,Rewards Income,ALGO,0.001511,0.930000,0.00,0.00,0.00,Received 0.001511 ALGO from Coinbase Rewards
2021-07-07T13:42:50Z,Rewards Income,ALGO,0.001511,0.940000,0.00,0.00,0.00,Received 0.001511 ALGO from Coinbase Rewards
2021-07-08T14:25:23Z,Rewards Income,ALGO,0.001511,0.860000,0.00,0.00,0.00,Received 0.001511 ALGO from Coinbase Rewards
2021-07-09T11:08:42Z,Rewards Income,ALGO,0.001511,0.900000,0.00,0.00,0.00,Received 0.001511 ALGO from Coinbase Rewards
2021-07-10T13:28:29Z,Rewards Income,ALGO,0.001512,0.880000,0.00,0.00,0.00,Received 0.001512 ALGO from Coinbase Rewards
2021-07-11T11:08:44Z,Rewards Income,ALGO,0.001512,0.910000,0.00,0.00,0.00,Received 0.001512 ALGO from Coinbase Rewards
2021-07-12T13:08:22Z,Rewards Income,ALGO,0.001512,0.880000,0.00,0.00,0.00,Received 0.001512 ALGO from Coinbase Rewards
2021-07-13T13:50:53Z,Rewards Income,ALGO,0.001512,0.860000,0.00,0.00,0.00,Received 0.001512 ALGO from Coinbase Rewards
2021-07-14T11:53:26Z,Rewards Income,ALGO,0.001512,0.850000,0.00,0.00,0.00,Received 0.001512 ALGO from Coinbase Rewards
2021-07-15T13:38:13Z,Rewards Income,ALGO,0.001512,0.840000,0.00,0.00,0.00,Received 0.001512 ALGO from Coinbase Rewards
2021-07-16T12:06:59Z,Rewards Income,ALGO,0.001513,0.780000,0.00,0.00,0.00,Received 0.001513 ALGO from Coinbase Rewards
2021-07-17T13:02:26Z,Rewards Income,ALGO,0.001513,0.790000,0.00,0.00,0.00,Received 0.001513 ALGO from Coinbase Rewards
2021-07-18T10:48:03Z,Rewards Income,ALGO,0.001513,0.800000,0.00,0.00,0.00,Received 0.001513 ALGO from Coinbase Rewards
2021-07-19T13:35:41Z,Rewards Income,ALGO,0.001513,0.760000,0.00,0.00,0.00,Received 0.001513 ALGO from Coinbase Rewards
2021-07-20T12:02:25Z,Rewards Income,ALGO,0.001513,0.700000,0.00,0.00,0.00,Received 0.001513 ALGO from Coinbase Rewards
2021-07-21T15:26:43Z,Rewards Income,ALGO,0.001513,0.770000,0.00,0.00,0.00,Received 0.001513 ALGO from Coinbase Rewards
2021-07-22T15:41:36Z,Rewards Income,ALGO,0.001514,0.790000,0.00,0.00,0.00,Received 0.001514 ALGO from Coinbase Rewards
2021-07-23T14:33:35Z,Rewards Income,ALGO,0.001514,0.800000,0.00,0.00,0.00,Received 0.001514 ALGO from Coinbase Rewards
2021-07-24T12:16:37Z,Rewards Income,ALGO,0.001514,0.840000,0.00,0.00,0.00,Received 0.001514 ALGO from Coinbase Rewards
2021-07-25T16:47:54Z,Rewards Income,ALGO,0.001514,0.840000,0.00,0.00,0.00,Received 0.001514 ALGO from Coinbase Rewards
2021-07-26T13:00:11Z,Rewards Income,ALGO,0.001514,0.900000,0.00,0.00,0.00,Received 0.001514 ALGO from Coinbase Rewards
2021-07-27T10:53:15Z,Rewards Income,ALGO,0.001514,0.860000,0.00,0.00,0.00,Received 0.001514 ALGO from Coinbase Rewards
2021-07-28T15:08:45Z,Rewards Income,ALGO,0.001515,0.850000,0.00,0.00,0.00,Received 0.001515 ALGO from Coinbase Rewards
2021-07-29T18:09:39Z,Rewards Income,ALGO,0.001515,0.850000,0.00,0.00,0.00,Received 0.001515 ALGO from Coinbase Rewards
2021-07-30T13:09:05Z,Rewards Income,ALGO,0.001515,0.810000,0.00,0.00,0.00,Received 0.001515 ALGO from Coinbase Rewards
2021-07-31T11:10:16Z,Rewards Income,ALGO,0.001515,0.850000,0.00,0.00,0.00,Received 0.001515 ALGO from Coinbase Rewards
2021-08-01T12:43:39Z,Rewards Income,ALGO,0.001515,0.870000,0.00,0.00,0.00,Received 0.001515 ALGO from Coinbase Rewards
2021-08-02T18:22:33Z,Rewards Income,ALGO,0.001515,0.830000,0.00,0.00,0.00,Received 0.001515 ALGO from Coinbase Rewards
2021-08-03T18:04:05Z,Rewards Income,ALGO,0.001515,0.820000,0.00,0.00,0.00,Received 0.001515 ALGO from Coinbase Rewards
2021-08-04T12:48:55Z,Rewards Income,ALGO,0.001516,0.820000,0.00,0.00,0.00,Received 0.001516 ALGO from Coinbase Rewards
2021-08-05T12:06:16Z,Rewards Income,ALGO,0.001516,0.830000,0.00,0.00,0.00,Received 0.001516 ALGO from Coinbase Rewards
2021-08-06T18:29:43Z,Rewards Income,ALGO,0.001516,0.870000,0.00,0.00,0.00,Received 0.001516 ALGO from Coinbase Rewards
2021-08-07T17:43:02Z,Rewards Income,ALGO,0.001516,0.860000,0.00,0.00,0.00,Received 0.001516 ALGO from Coinbase Rewards
2021-08-08T16:29:23Z,Rewards Income,ALGO,0.001516,0.850000,0.00,0.00,0.00,Received 0.001516 ALGO from Coinbase Rewards
2021-08-09T13:30:55Z,Rewards Income,ALGO,0.001516,0.850000,0.00,0.00,0.00,Received 0.001516 ALGO from Coinbase Rewards
2021-08-10T17:50:25Z,Rewards Income,ALGO,0.001517,0.870000,0.00,0.00,0.00,Received 0.001517 ALGO from Coinbase Rewards
2021-08-11T17:30:06Z,Rewards Income,ALGO,0.001517,0.920000,0.00,0.00,0.00,Received 0.001517 ALGO from Coinbase Rewards
2021-08-12T10:52:13Z,Rewards Income,ALGO,0.001517,0.940000,0.00,0.00,0.00,Received 0.001517 ALGO from Coinbase Rewards
2021-08-13T18:19:20Z,Rewards Income,ALGO,0.001517,0.930000,0.00,0.00,0.00,Received 0.001517 ALGO from Coinbase Rewards
2021-08-14T16:53:02Z,Rewards Income,ALGO,0.001517,0.940000,0.00,0.00,0.00,Received 0.001517 ALGO from Coinbase Rewards
2021-08-15T18:37:19Z,Rewards Income,ALGO,0.001517,0.960000,0.00,0.00,0.00,Received 0.001517 ALGO from Coinbase Rewards
2021-08-16T12:17:50Z,Rewards Income,ALGO,0.001518,1.00,0.00,0.00,0.00,Received 0.001518 ALGO from Coinbase Rewards
2021-08-17T10:52:06Z,Rewards Income,ALGO,0.001518,0.980000,0.00,0.00,0.00,Received 0.001518 ALGO from Coinbase Rewards
2021-08-18T18:05:12Z,Rewards Income,ALGO,0.001518,0.960000,0.00,0.00,0.00,Received 0.001518 ALGO from Coinbase Rewards
2021-08-19T13:27:37Z,Rewards Income,ALGO,0.001518,1.04,0.00,0.00,0.00,Received 0.001518 ALGO from Coinbase Rewards
2021-08-20T18:00:20Z,Rewards Income,ALGO,0.001518,1.13,0.00,0.00,0.00,Received 0.001518 ALGO from Coinbase Rewards
2021-08-21T18:31:30Z,Rewards Income,ALGO,0.001518,1.15,0.00,0.00,0.00,Received 0.001518 ALGO from Coinbase Rewards
2021-08-22T12:54:03Z,Rewards Income,ALGO,0.001519,1.17,0.00,0.00,0.00,Received 0.001519 ALGO from Coinbase Rewards
2021-08-23T13:59:48Z,Rewards Income,ALGO,0.001519,1.16,0.00,0.00,0.00,Received 0.001519 ALGO from Coinbase Rewards
2021-08-24T12:17:31Z,Rewards Income,ALGO,0.001519,1.13,0.00,0.00,0.00,Received 0.001519 ALGO from Coinbase Rewards
2021-08-25T16:17:20Z,Rewards Income,ALGO,0.001519,1.07,0.00,0.00,0.00,Received 0.001519 ALGO from Coinbase Rewards
2021-08-26T17:04:07Z,Rewards Income,ALGO,0.001519,1.00,0.00,0.00,0.00,Received 0.001519 ALGO from Coinbase Rewards
2021-08-27T12:03:15Z,Rewards Income,ALGO,0.001519,1.01,0.00,0.00,0.00,Received 0.001519 ALGO from Coinbase Rewards
2021-08-28T12:07:51Z,Rewards Income,ALGO,0.00152,1.04,0.00,0.00,0.00,Received 0.00152 ALGO from Coinbase Rewards
2021-08-29T16:55:23Z,Rewards Income,ALGO,0.00152,1.02,0.00,0.00,0.00,Received 0.00152 ALGO from Coinbase Rewards
2021-08-30T16:56:05Z,Rewards Income,ALGO,0.00152,1.04,0.00,0.00,0.00,Received 0.00152 ALGO from Coinbase Rewards
2021-08-31T13:01:40Z,Rewards Income,ALGO,0.00152,1.14,0.00,0.00,0.00,Received 0.00152 ALGO from Coinbase Rewards
2021-09-01T13:41:31Z,Rewards Income,ALGO,0.00152,1.15,0.00,0.00,0.00,Received 0.00152 ALGO from Coinbase Rewards
2021-09-02T11:24:16Z,Rewards Income,ALGO,0.00152,1.16,0.00,0.00,0.00,Received 0.00152 ALGO from Coinbase Rewards
2021-09-03T16:47:18Z,Rewards Income,ALGO,0.001521,1.24,0.00,0.00,0.00,Received 0.001521 ALGO from Coinbase Rewards
2021-09-04T14:40:39Z,Rewards Income,ALGO,0.001521,1.21,0.00,0.00,0.00,Received 0.001521 ALGO from Coinbase Rewards
2021-09-05T11:38:00Z,Rewards Income,ALGO,0.001521,1.28,0.00,0.00,0.00,Received 0.001521 ALGO from Coinbase Rewards
2021-09-06T16:33:04Z,Rewards Income,ALGO,0.001521,1.40,0.00,0.00,0.00,Received 0.001521 ALGO from Coinbase Rewards
2021-09-07T11:00:36Z,Rewards Income,ALGO,0.001521,1.36,0.00,0.00,0.00,Received 0.001521 ALGO from Coinbase Rewards
2021-09-08T17:56:16Z,Rewards Income,ALGO,0.001521,1.64,0.00,0.00,0.00,Received 0.001521 ALGO from Coinbase Rewards
2021-09-09T11:28:25Z,Rewards Income,ALGO,0.001522,1.98,0.00,0.00,0.00,Received 0.001522 ALGO from Coinbase Rewards
2021-09-10T18:25:57Z,Rewards Income,ALGO,0.001522,2.00,0.00,0.00,0.00,Received 0.001522 ALGO from Coinbase Rewards
2021-09-11T15:07:38Z,Rewards Income,ALGO,0.001522,2.10,0.00,0.00,0.00,Received 0.001522 ALGO from Coinbase Rewards
2021-09-12T14:56:42Z,Rewards Income,ALGO,0.001522,2.24,0.00,0.00,0.00,Received 0.001522 ALGO from Coinbase Rewards
2021-09-13T16:34:41Z,Rewards Income,ALGO,0.001522,2.18,0.00,0.00,0.00,Received 0.001522 ALGO from Coinbase Rewards
2021-09-14T17:38:35Z,Rewards Income,ALGO,0.001522,2.07,0.00,0.00,0.00,Received 0.001522 ALGO from Coinbase Rewards
2021-09-15T11:42:21Z,Rewards Income,ALGO,0.001523,2.03,0.00,0.00,0.00,Received 0.001523 ALGO from Coinbase Rewards
2021-09-16T17:35:49Z,Rewards Income,ALGO,0.001523,2.09,0.00,0.00,0.00,Received 0.001523 ALGO from Coinbase Rewards
2021-09-17T16:03:05Z,Rewards Income,ALGO,0.001523,1.99,0.00,0.00,0.00,Received 0.001523 ALGO from Coinbase Rewards
2021-09-18T13:54:35Z,Rewards Income,ALGO,0.001523,1.98,0.00,0.00,0.00,Received 0.001523 ALGO from Coinbase Rewards
2021-09-19T16:59:33Z,Rewards Income,ALGO,0.001523,2.00,0.00,0.00,0.00,Received 0.001523 ALGO from Coinbase Rewards
2021-09-21T13:26:12Z,Rewards Income,ALGO,0.001523,1.75,0.00,0.00,0.00,Received 0.001523 ALGO from Coinbase Rewards
2021-09-22T14:44:49Z,Rewards Income,ALGO,0.001524,1.76,0.00,0.00,0.00,Received 0.001524 ALGO from Coinbase Rewards
2021-09-23T17:41:50Z,Rewards Income,ALGO,0.001524,1.99,0.00,0.00,0.00,Received 0.001524 ALGO from Coinbase Rewards
2021-09-24T02:08:32Z,Rewards Income,ALGO,0.001523,1.95,0.00,0.00,0.00,Received 0.001523 ALGO from Coinbase Rewards
2021-09-24T17:30:09Z,Rewards Income,ALGO,0.001524,1.79,0.00,0.00,0.00,Received 0.001524 ALGO from Coinbase Rewards
2021-09-25T15:57:04Z,Rewards Income,ALGO,0.001524,1.76,0.00,0.00,0.00,Received 0.001524 ALGO from Coinbase Rewards
2021-09-26T17:02:09Z,Rewards Income,ALGO,0.001524,1.70,0.00,0.00,0.00,Received 0.001524 ALGO from Coinbase Rewards
2021-09-27T15:56:36Z,Rewards Income,ALGO,0.001524,1.75,0.00,0.00,0.00,Received 0.001524 ALGO from Coinbase Rewards
2021-09-28T10:55:37Z,Rewards Income,ALGO,0.001525,1.65,0.00,0.00,0.00,Received 0.001525 ALGO from Coinbase Rewards
2021-09-29T17:07:38Z,Rewards Income,ALGO,0.001525,1.61,0.00,0.00,0.00,Received 0.001525 ALGO from Coinbase Rewards
2021-09-30T14:13:52Z,Rewards Income,ALGO,0.001525,1.58,0.00,0.00,0.00,Received 0.001525 ALGO from Coinbase Rewards
2021-10-01T14:18:29Z,Rewards Income,ALGO,0.001525,1.75,0.00,0.00,0.00,Received 0.001525 ALGO from Coinbase Rewards
2021-10-02T13:00:53Z,Rewards Income,ALGO,0.001525,1.78,0.00,0.00,0.00,Received 0.001525 ALGO from Coinbase Rewards
2021-10-03T16:38:43Z,Rewards Income,ALGO,0.001525,1.92,0.00,0.00,0.00,Received 0.001525 ALGO from Coinbase Rewards
2021-10-04T17:26:53Z,Rewards Income,ALGO,0.001526,1.95,0.00,0.00,0.00,Received 0.001526 ALGO from Coinbase Rewards
2021-10-05T17:16:06Z,Rewards Income,ALGO,0.001526,1.93,0.00,0.00,0.00,Received 0.001526 ALGO from Coinbase Rewards
2021-10-06T18:41:26Z,Rewards Income,ALGO,0.001526,1.89,0.00,0.00,0.00,Received 0.001526 ALGO from Coinbase Rewards
2021-10-07T13:29:14Z,Rewards Income,ALGO,0.001526,1.85,0.00,0.00,0.00,Received 0.001526 ALGO from Coinbase Rewards
2021-10-08T17:23:20Z,Rewards Income,ALGO,0.001526,1.95,0.00,0.00,0.00,Received 0.001526 ALGO from Coinbase Rewards
2021-01-04T21:44:41Z,Coinbase Earn,CGLD,1.31293901,1.52,2.00,2.00,0.00,Received 1.31293901 CGLD from Coinbase Earn
2021-01-04T21:45:19Z,Coinbase Earn,CGLD,1.30872922,1.52,1.99,1.99,0.00,Received 1.30872922 CGLD from Coinbase Earn
2021-01-04T21:46:43Z,Coinbase Earn,CGLD,1.30821559,1.53,2.00,2.00,0.00,Received 1.30821559 CGLD from Coinbase Earn
2021-01-05T16:12:52Z,Sell,CGLD,3.92988382,2.65,10.40,8.91,1.49,Sold 3.92988382 CGLD for $8.91 USD
2020-12-18T16:47:48Z,Coinbase Earn,GRT,4.37062937,0.220000,0.960000,0.960000,0.00,Received 4.37062937 GRT from Coinbase Earn
2020-12-19T12:10:07Z,Coinbase Earn,GRT,2.20750552,0.450000,0.990000,0.990000,0.00,Received 2.20750552 GRT from Coinbase Earn
2020-12-19T12:11:03Z,Coinbase Earn,GRT,2.19925225,0.450000,0.990000,0.990000,0.00,Received 2.19925225 GRT from Coinbase Earn
2021-02-16T20:27:48Z,Convert,GRT,8.77738714,2.04,17.56,17.93,0.370000,Converted 8.77738714 GRT to 13.763064 ALGO
